Accession,Description,Gene Symbol,Sum PEP Score,Coverage [%],# Peptides,# PSMs,# Unique Peptides,"Abundance: F11: 126, Sample, A, (-)BiotinPD","Abundance: F11: 133C, Sample, A, (-)Hpg","Abundance: F11: 132C, Sample, A, 0_0Hr","Abundance: F11: 131C, Sample, A, 0_5Hr","Abundance: F11: 130C, Sample, A, 1_0Hr","Abundance: F11: 129C, Sample, A, 1_5Hr","Abundance: F11: 128C, Sample, A, 2_0Hr","Abundance: F11: 127C, Sample, A, 3_0Hr","Abundance: F11: 127N, Sample, B, (-)BiotinPD","Abundance: F11: 134N, Sample, B, (-)Hpg","Abundance: F11: 133N, Sample, B, 0_0Hr","Abundance: F11: 132N, Sample, B, 0_5Hr","Abundance: F11: 131N, Sample, B, 1_0Hr","Abundance: F11: 130N, Sample, B, 1_5Hr","Abundance: F11: 129N, Sample, B, 2_0Hr","Abundance: F11: 128N, Sample, B, 3_0Hr",Quantified,Fully Quantified,% Hpg Pulse Channels Quantified,Biological Replicate 1 - % Hpg Pulse channels Quantified,Biological Replicate 2 - % Hpg Pulse Channels Quantified,Biological Replicate 1 - % Channels Quantified,Biological Replicate 2 - % Channels Quantified
P01266,Thyroglobulin OS,TG,471.636,30,81,422,81,162585.2,1341.4,3242.5,2642.3,2336,2292.3,2418.2,3349.6,112514.6,1477.5,2045.2,1760.2,2242.1,2883.4,1703.8,2642.4,TRUE,TRUE,100%,100%,100%,100%,100%
P06761,78 kDa glucose-regulated protein OS,HSPA5,416.435,59,48,435,45,170050.3,1305.3,3085.5,2310.9,1816.4,2072.4,1998.3,3890.9,136509.8,1370.1,1791,1584.5,1958.4,2795.4,1395.3,3328.5,TRUE,TRUE,100%,100%,100%,100%,100%
Q66HD0,Endoplasmin OS,HSP90B1,244.439,50,45,186,45,95051.6,567.6,1419.3,1163.5,1020.9,1020.4,999,1642.9,96751.2,612.2,926.2,775.3,938.4,1302.2,621.8,1552.4,TRUE,TRUE,100%,100%,100%,100%,100%
G3V6T7,Protein disulfide isomerase associated 4 OS,PDIA4,188.39,47,26,130,26,58513.5,349.2,831.5,818.4,599.6,611.5,543.9,1253.2,68314.6,385.9,519.8,466.4,588.1,908.1,370.4,1521.5,TRUE,TRUE,100%,100%,100%,100%,100%
P11598,Protein disulfide-isomerase A3 OS,PDIA3,170.657,55,28,175,28,88516.8,908,1668.8,1334.6,1322.2,1196.8,1246.6,1563,80418.8,836.7,1129.5,973.9,1172,1587.8,949.7,1472.3,TRUE,TRUE,100%,100%,100%,100%,100%
P04785,Protein disulfide-isomerase OS,P4HB,126.873,41,19,63,19,26343.9,233.7,443.6,409.1,331,365.1,305.4,423.3,23792.3,223.4,290.2,315.4,313.2,478.8,256.6,410.9,TRUE,TRUE,100%,100%,100%,100%,100%
P63018,Heat shock cognate 71 kDa protein OS,HSPA8,115.019,35,21,44,11,15002.7,239.9,493,487.9,309.7,296.6,349.7,185.1,13374.8,243.1,301,283.3,392.2,527.1,217.3,109.4,TRUE,TRUE,100%,100%,100%,100%,100%
P60711,"Actin, cytoplasmic 1 OS",ACTB,110.449,38,11,43,9,21780.2,202.6,431,335.8,304.3,297.4,277.6,701,18424.7,232.2,259.9,260.5,294.6,446.9,203.7,615.5,TRUE,TRUE,100%,100%,100%,100%,100%
F1LN18,Hypoxia up-regulated protein 1 OS,HYOU1,109.438,23,18,71,18,24918.9,257.7,588.2,466.6,369.9,483.3,403.8,432.1,25464.8,285.6,373.2,283,415.6,580.7,277.5,362.2,TRUE,TRUE,100%,100%,100%,100%,100%
P18418,Calreticulin OS,CALR,108.189,58,19,137,19,48099.5,312.6,708.7,653.6,575.5,617.2,559.8,1192.5,46113.8,338.2,537,359.2,510.2,722.2,448.5,1157.7,TRUE,TRUE,100%,100%,100%,100%,100%
Q63081,Protein disulfide-isomerase A6 OS,PDIA6,101.068,35,16,112,16,42031,417.7,995.8,811.4,614,611.9,646.7,852.1,38927.2,422.3,587.9,533.2,680.3,878.5,465.2,609.9,TRUE,TRUE,100%,100%,100%,100%,100%
P10719,"ATP synthase subunit beta, mitochondrial OS",ATP5B,78.993,34,10,31,10,10927.4,134.4,339.1,219.5,196.7,185.5,231.9,240.8,7768.9,163.1,186.5,155.2,197.8,300.4,135.6,217,TRUE,TRUE,100%,100%,100%,100%,100%
P63039,"60 kDa heat shock protein, mitochondrial OS",HSPD1,74.494,35,14,39,14,18011.2,186.8,406.6,342.6,287.8,276,292.7,433.6,13610.5,186.5,264.9,220.5,277.3,376.1,169.2,296.8,TRUE,TRUE,100%,100%,100%,100%,100%
P04797,Glyceraldehyde-3-phosphate dehydrogenase OS,GAPDH,73.352,37,10,80,3,25203.2,165.2,348.2,262.1,196.7,240.9,225.3,257,22028.6,203.4,222.3,150.7,241.7,395.8,131.6,223.1,TRUE,TRUE,100%,100%,100%,100%,100%
P15999,"ATP synthase subunit alpha, mitochondrial OS",ATP5A1,63.347,37,18,37,18,12082.3,121.4,269.2,215.4,187.5,182.1,167.8,49.4,8831,122.9,165.6,123.9,168.8,225.6,97.7,40.3,TRUE,TRUE,100%,100%,100%,100%,100%
Q9JLA3,UDP-glucose:glycoprotein glucosyltransferase 1 OS,UGGT1,57.028,12,14,27,14,8765,123.2,309.2,212.7,160.3,206,183.4,100,7367.3,115.2,171.9,149.7,173.6,221.1,152.5,92.5,TRUE,TRUE,100%,100%,100%,100%,100%
D4ACN7,Protein Myof OS,MYOF,54.02,9,15,32,15,8152.1,112.1,287.7,221.9,182.8,159.9,193.7,53.1,6217.5,119.2,147.7,155.6,171.7,206.1,102.5,45.9,TRUE,TRUE,100%,100%,100%,100%,100%
P07153,Dolichyl-diphosphooligosaccharide--protein glycosyltransferase subunit 1 OS,RPN1,53.661,25,13,26,13,12566.7,166.7,357.6,256.5,218.3,239.7,227.2,243.9,10164.3,195.2,219.6,187.7,239.6,291.8,143.5,164,TRUE,TRUE,100%,100%,100%,100%,100%
D3ZCG9,Integrin alpha 3 variant A OS,ITGA3,53.497,13,10,25,10,10573.2,101.9,255.2,174.4,136.5,149.7,147.6,39.8,7583.6,117.1,146.4,137.1,159.3,225.2,93.7,42.5,TRUE,TRUE,100%,100%,100%,100%,100%
P04636,"Malate dehydrogenase, mitochondrial OS",MDH2,51.803,30,7,30,7,7067.7,103.7,270.8,195.4,130.1,150.4,152.8,135.4,4955.7,126.3,167,158.7,155,229.3,95.3,104.3,TRUE,TRUE,100%,100%,100%,100%,100%
P34058,Heat shock protein HSP 90-beta OS,HSP90AB1,48.974,20,12,22,9,15886.5,150.2,330.8,223.7,196.7,199.1,180,237.7,13348.2,147.7,192.8,209,197,300.3,122.1,208.1,TRUE,TRUE,100%,100%,100%,100%,100%
P11884,"Aldehyde dehydrogenase, mitochondrial OS",ALDH2,48.438,23,11,20,11,8521.6,98.8,214.6,181.4,147.7,156,128,122.4,6212.6,124,142.9,118.2,151.4,177.3,78.8,94.4,TRUE,TRUE,100%,100%,100%,100%,100%
F1M953,"Stress-70 protein, mitochondrial OS",HSPA9,48.415,21,11,15,10,5393.7,88.6,161.6,146.3,138.1,127.7,156.7,111.3,4173.4,114.9,118.6,120.4,142,165.4,84,123.9,TRUE,TRUE,100%,100%,100%,100%,100%
P11980,Pyruvate kinase PKM OS,PKM,47.568,17,8,36,8,14067.4,181.4,324.9,284.5,248.3,259.9,241.5,417,12579.4,184.7,207.5,181.1,250,313.5,166.3,340.6,TRUE,TRUE,100%,100%,100%,100%,100%
Q9ER34,"Aconitate hydratase, mitochondrial OS",ACO2,45.63,16,11,11,11,7636.1,69,147.2,129.3,101.4,120.3,126.9,15.5,5832.4,88,101.4,88.4,152,156.6,70.6,10.3,TRUE,TRUE,100%,100%,100%,100%,100%
P24368,Peptidyl-prolyl cis-trans isomerase B OS,PPIB,43.031,35,7,23,7,18160.3,131.8,245.8,199,171,182.8,180.5,219.2,15970,108.2,161.9,141.1,164.4,232.2,100.6,211.3,TRUE,TRUE,100%,100%,100%,100%,100%
P06685,Sodium/potassium-transporting ATPase subunit alpha-1 OS,ATP1A1,42.829,11,7,19,7,6356.6,74.4,140.3,134,94.1,110.2,102.3,108.3,4368.7,77.1,90.7,80.2,109.2,113,70,92.7,TRUE,TRUE,100%,100%,100%,100%,100%
P55063,Heat shock 70 kDa protein 1-like OS,HSPA1L,41.643,11,7,20,1,1355.7,2.7,13,6.3,6.2,9.3,7.4,3.5,1212,2.7,7.8,8.7,9.8,12,8.9,2.3,TRUE,TRUE,100%,100%,100%,100%,100%
G3V836,Clusterin OS,CLU,41.107,15,6,55,6,27110.7,129.3,327.4,292.7,205.2,202,212.1,526.7,29421.5,168.8,211.5,197.5,177.5,328.4,108.2,583.1,TRUE,TRUE,100%,100%,100%,100%,100%
G3V6S3,Calumenin OS,CALU,39.369,37,8,22,8,7942.7,132.9,260.7,175.4,159,175,177.4,111.5,6765,140.7,143.8,147.2,164,275.3,112.2,132.1,TRUE,TRUE,100%,100%,100%,100%,100%
P67779,Prohibitin OS,PHB,38.457,38,9,20,9,4512.8,201.1,206.3,126,132,137.7,132.5,171.9,3832.6,85.8,95.3,120.6,126.8,163.7,71.9,116.5,TRUE,TRUE,100%,100%,100%,100%,100%
D3ZZC1,Protein Txndc5 OS,TXNDC5,37.211,21,7,16,7,3841.5,48.7,103.4,89.9,77.1,82,68.8,48.9,3471.4,44.7,69.2,47.1,80.5,94.3,46.3,70.3,TRUE,TRUE,100%,100%,100%,100%,100%
Q64428,"Trifunctional enzyme subunit alpha, mitochondrial OS",HADHA,35.919,16,10,12,10,7022,182.7,335.6,216.9,224.6,271.8,244.5,60.4,5639,207.7,222.4,169.7,205.9,387.6,151.1,33.2,TRUE,TRUE,100%,100%,100%,100%,100%
Q06000,Lipoprotein lipase OS,LPL,35.263,15,6,8,6,3123.2,60.7,128.4,87.8,68.8,68.6,61.6,22.3,2566.4,53.3,56.2,59.9,72.6,91.5,46.8,33.6,TRUE,TRUE,100%,100%,100%,100%,100%
D3ZRN3,Protein Actbl2 OS,ACTBL2,35.253,11,4,18,2,3321.7,24.1,47.9,50.8,30.6,36,27.6,77.5,2864.5,20,30.8,23.5,41.8,48,24.2,29.3,TRUE,TRUE,100%,100%,100%,100%,100%
P52555,Endoplasmic reticulum resident protein 29 OS,ERP29,34.531,38,9,21,9,12863.2,117.5,253.6,215.9,197.9,197.3,211,254.4,12518.9,103.7,173.9,140.2,206.9,223.5,154.2,249.9,TRUE,TRUE,100%,100%,100%,100%,100%
P04937,Fibronectin OS,FN1,32.109,5,10,12,10,5891.8,37.8,120.5,99.6,82.3,74.8,77.9,NA,5290.5,34.9,72.4,75.3,75.3,102,36.1,NA,TRUE,FALSE,86%,86%,86%,88%,88%
Q6TUG0,DnaJ homolog subfamily B member 11 OS,DNAJB11,30.178,19,7,27,7,14850.9,142.2,349.6,231.9,204.6,191.2,223,182.8,13609.5,121.5,166.7,173,217.7,244.9,168.3,147.7,TRUE,TRUE,100%,100%,100%,100%,100%
Q07936,Annexin A2 OS,ANXA2,30.039,22,8,16,8,6147.7,73.8,187.3,116.3,108.3,117.2,104.8,88.1,4225.5,92.1,102,76,110.9,183.9,83,62,TRUE,TRUE,100%,100%,100%,100%,100%
Q99068,Alpha-2-macroglobulin receptor-associated protein OS,LRPAP1,29.254,23,8,11,8,7406.5,90.4,183.5,143.8,145.6,133.6,162.5,74.3,6062.9,90.6,125.9,127.2,128.2,189.6,102.1,59.6,TRUE,TRUE,100%,100%,100%,100%,100%
P68370,Tubulin alpha-1A chain OS,TUBA1A,28.733,14,4,11,4,2752.9,40.9,106.9,73.1,59.2,66.8,70.1,123.3,2527.9,48,62.4,50.6,65.8,103.9,49.6,91.4,TRUE,TRUE,100%,100%,100%,100%,100%
Q6NYB7,Ras-related protein Rab-1A OS,RAB1A,28.282,31,7,14,3,8023.3,52.3,152.2,116.9,94.4,79.4,85.7,3.1,6761.8,65,88.1,82,90.2,130.6,58.2,9.1,TRUE,TRUE,100%,100%,100%,100%,100%
E9PSX6,Sarcoplasmic/endoplasmic reticulum calcium ATPase 2 OS,ATP2A2,28.267,10,6,11,6,2826.3,35.6,81.8,42.8,45.7,42.5,52.1,51.6,2270.8,31.5,40.8,42.8,47.3,67.7,40.8,19.4,TRUE,TRUE,100%,100%,100%,100%,100%
Q5RJR9,"Serine (Or cysteine) proteinase inhibitor, clade H, member 1, isoform CRA_b OS",SERPINH1,27.478,15,4,13,4,3360.5,72,122.1,92.9,97.4,91.8,115.3,77.9,2774,79.1,88.7,75.6,98.9,131.6,76.3,72.9,TRUE,TRUE,100%,100%,100%,100%,100%
M0R979,Protein Thbs1 (Fragment) OS,THBS1,27.144,12,7,20,7,10774.6,190.6,323,252.6,224.6,261.2,192.5,226.4,8916,196.7,260.4,178.2,260.1,319.4,215.7,176.2,TRUE,TRUE,100%,100%,100%,100%,100%
Q62636,Ras-related protein Rap-1b OS,RAP1B,26.806,55,8,20,8,7723.2,120.9,240.2,169,149.9,148.2,164,232.7,5921.4,142.7,150,141.6,143.1,211.4,122.1,194.6,TRUE,TRUE,100%,100%,100%,100%,100%
F1LMV6,Protein Dsp OS,DSP,25.892,4,8,10,8,835.8,65.9,301.3,100.3,98.8,175.5,204.8,219.2,755.4,158.8,115.9,110.7,117.9,527.3,69.5,91.6,TRUE,TRUE,100%,100%,100%,100%,100%
P82995,Heat shock protein HSP 90-alpha OS,HSP90AA1,25.757,9,6,10,3,2704,31.3,47.4,43.1,38.7,35.8,34.5,NA,2470.9,33.3,38.8,29.5,34.2,46.5,24.6,3.8,TRUE,FALSE,93%,86%,100%,88%,100%
E9PTN6,Glyceraldehyde-3-phosphate dehydrogenase OS,RGD1564688,25.627,31,7,17,1,NA,NA,NA,NA,NA,NA,NA,NA,NA,NA,NA,NA,NA,NA,NA,NA,FALSE,FALSE,,,,,
M0R9D5,Uncharacterized protein OS,AHNAK,25.608,6,8,16,8,4936,63.8,130.6,118.8,99.3,85.2,96.7,85,2751.4,53.4,82.5,66.7,77.7,119.9,70.9,78.3,TRUE,TRUE,100%,100%,100%,100%,100%
P05197,Elongation factor 2 OS,EEF2,25.385,9,6,14,6,3087.9,30.5,78.8,67.6,42.3,46.7,57,0.9,2685.3,37.5,38.6,34.7,43.1,74,31.8,0.8,TRUE,TRUE,100%,100%,100%,100%,100%
P69897,Tubulin beta-5 chain OS,TUBB5,25.203,19,7,13,2,3463.6,83.1,172.2,159.3,100.5,103.1,132.1,79.3,2979,75.9,90,105.3,152.6,118.5,76.2,65.9,TRUE,TRUE,100%,100%,100%,100%,100%
D4A6A2,Heterogeneous nuclear ribonucleoprotein A3 OS,HNRNPA3,25.17,15,4,7,3,3177.7,16.7,51.2,40.7,42.5,34.1,28.9,33.9,2419.7,20.4,35.7,27.3,38.1,45.7,23.9,33.5,TRUE,TRUE,100%,100%,100%,100%,100%
P62083,40S ribosomal protein S7 OS,RPS7,24.507,33,6,10,6,2943.5,28.1,58.4,37.4,25.8,41.8,34.7,6.8,2831.8,21.9,36.8,23.2,32.4,59.9,22.1,6.5,TRUE,TRUE,100%,100%,100%,100%,100%
P46462,Transitional endoplasmic reticulum ATPase OS,VCP,24.211,11,7,14,7,3939.2,65.8,139.8,96.6,66.7,80.7,53.7,136.2,4007,57.7,59.9,75.4,77.1,114.9,36.4,107.1,TRUE,TRUE,100%,100%,100%,100%,100%
P49134,Integrin beta-1 OS,ITGB1,22.984,9,5,11,5,5819.9,52.6,86.6,145.8,71.8,93.5,76.5,20.8,4338.9,64.8,62.4,51.2,95.2,103.6,59.9,11.7,TRUE,TRUE,100%,100%,100%,100%,100%
Q08013,Translocon-associated protein subunit gamma OS,SSR3,22.799,14,3,5,3,3537.9,23.7,55.4,42.4,42,31.3,26.7,19.4,3098.3,21.1,29.4,22.5,36.7,42,16.9,7.3,TRUE,TRUE,100%,100%,100%,100%,100%
Q7M0E3,Destrin OS,DSTN,22.751,47,6,13,5,967.9,28.5,75,42.3,38.1,35.6,45.6,17,826.6,26.6,30.8,40,33.3,54.8,21.3,20.2,TRUE,TRUE,100%,100%,100%,100%,100%
P15865,Histone H1.4 OS,HIST1H1E,22.731,22,5,12,5,5219.1,67.2,144.7,104,152.8,96.1,217.5,267.4,5137,69.4,108.4,94.9,137.6,148.2,77.3,293.6,TRUE,TRUE,100%,100%,100%,100%,100%
Q9Z2L0,Voltage-dependent anion-selective channel protein 1 OS,VDAC1,22.704,30,8,11,8,6270.5,59.9,120.3,77.4,77.5,65.6,68.4,6.7,6517.5,47.8,62.5,74,74.2,111.3,40.7,11.6,TRUE,TRUE,100%,100%,100%,100%,100%
P25235,Dolichyl-diphosphooligosaccharide--protein glycosyltransferase subunit 2 OS,RPN2,22.504,14,6,12,6,3589.8,58.6,112.6,80.5,61.1,58.2,76.8,58.1,3260,53,88.9,114.4,57.2,80.6,39.9,62.5,TRUE,TRUE,100%,100%,100%,100%,100%
P45592,Cofilin-1 OS,CFL1,22.447,49,7,16,6,10739,134.4,298.4,298.5,233.2,218.1,277,123.9,9714.5,145.9,213.7,183.4,251.7,337,170.5,106.2,TRUE,TRUE,100%,100%,100%,100%,100%
Q80ZA3,Alpha-2 antiplasmin OS,SERPINF1,22.157,13,6,7,6,3523.1,34.8,52,66.9,45.5,47.7,43.9,41,2988.5,31.5,38.1,31.4,56.9,51.7,28.2,15.6,TRUE,TRUE,100%,100%,100%,100%,100%
M0RBD4,Protein LOC100911472 OS,LOC100911472,21.953,19,2,10,1,166.8,4.4,2.2,2.8,4.1,NA,4.1,NA,146,NA,2.7,NA,3.1,5.5,NA,NA,TRUE,FALSE,64%,71%,57%,75%,50%
P62986,Ubiquitin-60S ribosomal protein L40 OS,UBA52,21.908,38,5,10,5,5072.1,109.1,176.2,134.3,115.8,151.2,146.9,63,4162.1,146.7,138.3,137.1,131,242.1,109.9,36.7,TRUE,TRUE,100%,100%,100%,100%,100%
G3V6H0,Protein LOC100363782 OS,LOC100363782,21.462,28,6,9,2,2629.8,19.6,41.1,24.5,25.7,32.2,25.2,6,2170.3,21.6,18.9,17.8,22.3,34.2,11.3,5,TRUE,TRUE,100%,100%,100%,100%,100%
M0R757,Elongation factor 1-alpha OS,LOC100360413,21.197,16,8,9,8,5356,47.4,116.2,71.3,64.8,65.8,95.7,20.2,4338.6,51.3,55.5,70.2,72.9,114,44.9,33.1,TRUE,TRUE,100%,100%,100%,100%,100%
D4A133,Protein Atp6v1a OS,ATP6V1A,21.187,10,5,14,5,2620.5,44.4,99.5,63.6,49.3,57.2,64.1,15,2249.3,33.9,38.5,56.9,55.8,78.3,36.9,17.4,TRUE,TRUE,100%,100%,100%,100%,100%
D3ZAX3,Plasma membrane calcium-transporting ATPase 1 OS,ATP2B1,20.735,6,4,5,4,1200.6,15.4,40,31.1,21.5,27.9,25.8,17.8,797,16.3,18.1,17.3,22,34.6,12.3,15.5,TRUE,TRUE,100%,100%,100%,100%,100%
P05065,Fructose-bisphosphate aldolase A OS,ALDOA,20.549,14,4,11,4,2720.4,29,77,50.7,37.4,50.2,46,56.3,2401.6,31.7,30.3,36.7,40.1,69.7,30.6,48.8,TRUE,TRUE,100%,100%,100%,100%,100%
Q3MHS9,"Chaperonin containing Tcp1, subunit 6A (Zeta 1) OS",CCT6A,20.38,14,6,8,6,2390.1,44.5,84.6,83.5,55.3,57.5,68.4,60.5,2163.5,48.8,54.1,46.3,61.2,73.3,39.6,39.9,TRUE,TRUE,100%,100%,100%,100%,100%
P16617,Phosphoglycerate kinase 1 OS,PGK1,20.36,19,7,9,7,4451.8,27.9,85.6,67.1,42.6,38.2,48.6,55.4,3696.1,38.9,43,47.1,49.9,85.3,35.5,50,TRUE,TRUE,100%,100%,100%,100%,100%
P35280,Ras-related protein Rab-8A OS,RAB8A,20.239,26,6,7,2,734.7,4.5,12.3,11.8,8.9,7.7,12.1,NA,536.9,6.6,11.4,5.7,9.4,16,2.7,NA,TRUE,FALSE,86%,86%,86%,88%,88%
P07150,Annexin A1 OS,ANXA1,20.197,26,7,15,7,3176,40,96.5,79.1,56.6,74.7,71.4,47.3,2526,42.4,66.6,63.2,69.5,87.8,42.6,51,TRUE,TRUE,100%,100%,100%,100%,100%
Q6P9T8,Tubulin beta-4B chain OS,TUBB4B,19.951,15,6,8,1,NA,NA,NA,NA,NA,NA,NA,NA,NA,NA,NA,NA,NA,NA,NA,NA,FALSE,FALSE,,,,,
P28480,T-complex protein 1 subunit alpha OS,TCP1,19.593,12,5,5,5,3729.4,33.1,82.7,62.3,42.4,56.8,59.5,7,3344.2,38.5,47.4,36.7,43.1,94.9,28,2.1,TRUE,TRUE,100%,100%,100%,100%,100%
Q6IMY8,Heterogeneous nuclear ribonucleoprotein U OS,HNRNPU,19.484,10,8,9,8,3770.8,39.4,93.6,93.9,53.8,53.3,50.6,87.9,2805.1,44.2,63,38,60.4,69.4,37.3,87.5,TRUE,TRUE,100%,100%,100%,100%,100%
P16036,"Phosphate carrier protein, mitochondrial OS",SLC25A3,19.424,9,4,7,4,5595.3,25.3,72.3,60.7,46.4,62.1,43.6,49.9,3394.2,34.7,44.5,36.4,64,71.3,37.2,46.4,TRUE,TRUE,100%,100%,100%,100%,100%
P62494,Ras-related protein Rab-11A OS,RAB11A,19.205,26,7,9,7,6446.3,25.6,57.9,44.5,44,34.7,30.5,NA,4328.9,26.9,38.1,37.1,47.1,65.2,19.9,NA,TRUE,FALSE,86%,86%,86%,88%,88%
P13084,Nucleophosmin OS,NPM1,19.118,23,5,5,5,4196.1,43.6,84.5,73.1,64.6,64.3,65.1,71.5,2616.7,44.7,53.2,52.2,55.9,97.4,49.5,59.3,TRUE,TRUE,100%,100%,100%,100%,100%
Q63016,Large neutral amino acids transporter small subunit 1 OS,SLC7A5,18.78,6,3,3,3,1113.1,34.2,41.5,35.6,36,46.5,37.4,21.8,887.2,30.1,45.8,24.4,28,47.3,33.5,9.5,TRUE,TRUE,100%,100%,100%,100%,100%
P09527,Ras-related protein Rab-7a OS,RAB7A,18.286,28,4,14,4,2735.2,89,162,151.6,109,107.5,90.8,141.3,2198.8,91.4,93,82.8,99.2,126.5,68.2,142,TRUE,TRUE,100%,100%,100%,100%,100%
P26772,"10 kDa heat shock protein, mitochondrial OS",HSPE1,18.256,59,6,7,6,8353.9,50.8,89.5,95.1,77.9,92.4,48.1,4.5,5770,59.9,72.6,53.8,87,125.2,52.9,3.8,TRUE,TRUE,100%,100%,100%,100%,100%
P10860,"Glutamate dehydrogenase 1, mitochondrial OS",GLUD1,18.22,15,6,9,6,3323.6,73.5,169.4,99.9,102,108.8,117.7,43.5,2823.9,83.9,94.2,107.5,100.3,128.4,68.6,48.7,TRUE,TRUE,100%,100%,100%,100%,100%
P35565,Calnexin OS,CANX,17.869,12,8,13,8,9743.1,49.6,123,92.7,86.2,68.5,80.6,89,6873.5,53.7,85.1,57.5,72.9,118.2,57.3,79.2,TRUE,TRUE,100%,100%,100%,100%,100%
O89035,Mitochondrial dicarboxylate carrier OS,SLC25A10,17.772,8,1,3,1,632.1,NA,11.4,10,7.7,9.9,7.6,0.6,581,4.8,5.2,8.3,6.2,16.7,5.6,NA,TRUE,FALSE,93%,100%,86%,88%,88%
Q5RKJ9,"RAB10, member RAS oncogene family OS",RAB10,17.734,24,5,7,3,5203.2,48.5,94.7,88.4,59.5,66.7,78.8,0.8,4293.7,52.2,55.1,65.5,65.2,108.1,46.7,NA,TRUE,FALSE,93%,100%,86%,100%,88%
Q5XIH7,Prohibitin-2 OS,PHB2,17.666,23,5,10,5,7736.6,58.4,142.2,105.2,82.4,92.3,87.7,42.6,5993.2,59.8,94.4,80.1,85.8,118.6,55.9,32.6,TRUE,TRUE,100%,100%,100%,100%,100%
F1LM33,"Leucine-rich PPR motif-containing protein, mitochondrial OS",LRPPRC,17.412,7,7,10,7,2425.1,28.4,57.2,47.5,34.9,32.2,43.9,25.3,2011.2,30.4,29.2,29.1,39.3,54,23.9,13,TRUE,TRUE,100%,100%,100%,100%,100%
Q6AXW2,Protein Tmod3 OS,TMOD3,17.054,17,5,5,5,1996.2,67.1,142.5,79.5,85.6,100.1,132,106.2,1754.3,120.8,109.4,96.6,106.8,245.1,64.6,35.8,TRUE,TRUE,100%,100%,100%,100%,100%
P70550,Ras-related protein Rab-8B OS,RAB8B,17.015,25,5,6,1,NA,NA,NA,NA,NA,NA,NA,NA,NA,NA,NA,NA,NA,NA,NA,NA,FALSE,FALSE,,,,,
Q6AY18,Protein Sar1a OS,SAR1A,16.912,17,2,3,2,922,12.4,25.6,23,13.7,21.3,14.3,5,787,9.8,11,11.2,12.6,23,11.2,8,TRUE,TRUE,100%,100%,100%,100%,100%
P97536,Cullin-associated NEDD8-dissociated protein 1 OS,CAND1,16.904,5,4,7,4,1314.8,12.5,44.6,26.7,19.6,20.6,20,5.2,1057.8,27.3,32.3,25,15.9,31.1,11.1,5.5,TRUE,TRUE,100%,100%,100%,100%,100%
B1WBY7,ER lipid raft associated 1 OS,ERLIN1,16.429,16,5,6,3,1649.7,60.9,84.5,55.3,52.1,72.2,54.5,NA,1558.1,52.9,50.8,56,61.6,58.9,34.9,NA,TRUE,FALSE,86%,86%,86%,88%,88%
P04897,Guanine nucleotide-binding protein G(i) subunit alpha-2 OS,GNAI2,16.394,19,6,9,5,3791.7,52.5,141.7,72.5,73.1,66.6,65.7,14.4,2933.4,58.3,60.8,59.5,62,85.6,42.2,16.9,TRUE,TRUE,100%,100%,100%,100%,100%
Q60587,"Trifunctional enzyme subunit beta, mitochondrial OS",HADHB,16.136,15,6,7,6,4276.3,33.2,92.6,82.8,60.5,57,70.7,24,3653,36.5,59,48.9,53.4,111.4,42.5,4.9,TRUE,TRUE,100%,100%,100%,100%,100%
P48500,Triosephosphate isomerase OS,TPI1,15.525,17,4,7,4,3652.2,36.1,61.5,37.8,34.2,37.8,47.8,NA,3151.1,35.9,34.9,43.3,45.1,96.9,19.1,NA,TRUE,FALSE,86%,86%,86%,88%,88%
F1LRA1,Protein ERGIC-53 OS,LMAN1,15.518,10,5,6,5,1890.1,27.7,65.8,38.1,38.2,33.8,36.3,2.5,1759.7,26.6,30.9,25.4,35,53.8,26.5,9.9,TRUE,TRUE,100%,100%,100%,100%,100%
P36860,Ras-related protein Ral-B OS,RALB,15.515,26,4,4,2,2815.5,21.2,46,25.8,28,28.2,27.5,NA,1876.7,24.4,23.8,28.1,25.4,43.3,17.7,NA,TRUE,FALSE,86%,86%,86%,88%,88%
F1M853,Protein Rrbp1 OS,RRBP1,15.484,3,3,5,3,486,8.2,14.3,6.5,4.8,5.7,7,NA,482.8,9.6,10.9,6.3,3.9,13.8,4.9,NA,TRUE,FALSE,86%,86%,86%,88%,88%
Q794E4,Heterogeneous nuclear ribonucleoprotein F OS,HNRNPF,15.409,8,2,5,2,495.9,8.2,21.1,15,10.8,13.5,15.6,5.1,318.6,12.6,9,11.8,11.1,23.2,8,14.3,TRUE,TRUE,100%,100%,100%,100%,100%
P17220,Proteasome subunit alpha type-2 OS,PSMA2,15.379,21,4,6,4,1041.7,NA,19.6,10.5,2.8,9.4,3.5,17.3,942.5,10.7,5,8.5,5.3,18.4,3.4,18.1,TRUE,FALSE,100%,100%,100%,88%,100%
P54001,Prolyl 4-hydroxylase subunit alpha-1 OS,P4HA1,15.281,13,6,7,6,5046.9,47.4,128.8,100.2,86.9,111.4,106,100.2,3664.7,57.6,91.4,74.6,91.8,122.6,68.4,83.3,TRUE,TRUE,100%,100%,100%,100%,100%
D4A997,HIV TAT specific factor 1 (Predicted) OS,HTATSF1,15.273,9,7,8,7,4104.8,51.8,90.3,71.5,64.5,54.8,57.6,NA,3452.2,49.8,53.1,49.9,61.6,81.7,31.4,2,TRUE,FALSE,93%,86%,100%,88%,100%
Q62703,Reticulocalbin-2 OS,RCN2,15.224,15,2,4,2,946.8,26.4,50.3,49.2,36.4,39.2,42.7,28.2,850.3,29.2,33.7,23.7,43.6,44.2,22.2,38.9,TRUE,TRUE,100%,100%,100%,100%,100%
G3V9D3,Protein sel-1 homolog 1 OS,SEL1L,15.148,5,3,4,3,646.9,23.7,37.7,49.1,28.2,35.6,28.9,25.7,671.1,19.1,30.2,26.9,36.8,31.2,21.1,12.6,TRUE,TRUE,100%,100%,100%,100%,100%
O08701,"Arginase-2, mitochondrial OS",ARG2,15.033,15,4,6,4,1302.1,16.6,61.2,37.2,31.4,32,28.8,21,994.4,19.8,27.6,22,33.6,35.4,18.5,12.9,TRUE,TRUE,100%,100%,100%,100%,100%
P63245,Guanine nucleotide-binding protein subunit beta-2-like 1 OS,GNB2L1,14.767,22,6,8,6,4312.9,41,70.6,60.6,45.4,51.9,43.1,NA,3750.5,38.5,51.7,44.5,46.5,75.1,31.5,NA,TRUE,FALSE,86%,86%,86%,88%,88%
P11442,Clathrin heavy chain 1 OS,CLTC,14.759,4,5,5,5,3167.7,40.4,73.6,55.7,46.7,58.7,65.8,35.8,2475.2,61.1,52.2,46.6,52,88.6,32.1,17.4,TRUE,TRUE,100%,100%,100%,100%,100%
Q9R0T3,DnaJ homolog subfamily C member 3 OS,DNAJC3,14.668,20,7,9,7,7913.3,187.7,320,226.6,241.1,213.7,208.8,303.1,6590.1,152.8,142.2,148.8,165.2,205.5,128.9,254.1,TRUE,TRUE,100%,100%,100%,100%,100%
D4ABT8,Protein Hnrnpul2 OS,HNRNPUL2,14.597,6,3,7,3,992.2,8.6,28.9,20.5,25.3,29.7,23.3,NA,783.7,12.8,20.8,16.4,16.5,19.1,11.2,NA,TRUE,FALSE,86%,86%,86%,88%,88%
Q5RKH6,Protein OS-9 OS,OS9,14.569,10,5,6,5,2849.5,40.1,59.2,62.5,47.8,60.6,46.5,6.6,2876.2,47.6,47.4,35.1,58.2,64.2,45.2,NA,TRUE,FALSE,93%,100%,86%,100%,88%
D3ZEI0,Protein LOC690096 OS,LOC690096,14.416,21,4,5,4,5917.4,99.3,194.1,177,137.4,146.5,160.3,NA,5517.4,113.1,174.1,120.5,179.4,179.7,105.4,NA,TRUE,FALSE,86%,86%,86%,88%,88%
O35142,Coatomer subunit beta' OS,COPB2,14.32,6,4,8,4,1842.5,202.7,223.3,373.3,202.2,260.3,184.4,311.8,1523.8,210,254.9,120.2,303.2,251.9,221.8,245,TRUE,TRUE,100%,100%,100%,100%,100%
Q6P6U2,26S protease regulatory subunit 6A OS,PSMC3,14.26,15,3,4,3,100,NA,4.2,2,3.2,NA,2.1,3.2,105.6,2.8,2.2,NA,NA,4.9,3.9,NA,TRUE,FALSE,71%,86%,57%,75%,63%
D3Z8E2,Protein Sema3e OS,SEMA3E,14.251,5,4,7,4,1330.9,12.8,46.6,24.8,20.2,19.5,15.9,3.4,1164,17.7,20.3,24,24.8,28.9,11,3.1,TRUE,TRUE,100%,100%,100%,100%,100%
B2GV06,"Succinyl-CoA:3-ketoacid coenzyme A transferase 1, mitochondrial OS",OXCT1,14.068,7,2,4,2,1313.6,16.5,28.8,20.5,21.9,11.7,31.1,7,1075.8,6.7,13.8,13.8,25.1,21.2,13.3,6.7,TRUE,TRUE,100%,100%,100%,100%,100%
Q5BJZ3,Nicotinamide nucleotide transhydrogenase OS,NNT,13.978,3,3,4,3,1289.9,16.2,26.9,34.5,25.2,21.7,22,NA,1150.8,17.7,14.4,8.5,19.3,21.2,9,NA,TRUE,FALSE,86%,86%,86%,88%,88%
Q3B7U9,Peptidyl-prolyl cis-trans isomerase FKBP8 OS,FKBP8,13.706,11,3,3,3,54.7,3,5.1,4.5,2.7,NA,4.8,4.5,101.1,2.9,2.6,4.4,5.8,6,2.6,4.1,TRUE,FALSE,93%,86%,100%,88%,100%
Q498R3,DnaJ homolog subfamily C member 10 OS,DNAJC10,13.541,6,5,6,5,3657.9,29.3,79.1,58.5,43.5,56,59.4,48.2,3053.8,39.8,44.5,57.6,50.1,67.1,34.6,31.4,TRUE,TRUE,100%,100%,100%,100%,100%
P00762,Anionic trypsin-1 OS,PRSS1,13.454,10,2,12,2,2517.4,475.4,1028.5,674.8,621.8,638.4,757.9,570.9,2344.3,500.6,599.8,614.5,604.9,745.9,371,516.5,TRUE,TRUE,100%,100%,100%,100%,100%
Q6AYI1,DEAD (Asp-Glu-Ala-Asp) box polypeptide 5 OS,DDX5,13.38,8,5,7,5,2872.3,70.9,144.4,136.5,117.3,96.9,129.3,85.7,1644.8,87.9,118,95.6,108.4,126.1,66.4,77.2,TRUE,TRUE,100%,100%,100%,100%,100%
D3ZRF6,Protein Pnpla6 OS,PNPLA6,13.152,5,3,3,3,272,9.3,21.3,13.3,5.6,12.9,4.5,17.3,214.9,7.4,2.8,4.1,6.6,13.4,4.4,17,TRUE,TRUE,100%,100%,100%,100%,100%
P63322,Ras-related protein Ral-A OS,RALA,13.121,26,4,4,2,114.7,NA,3.7,NA,NA,2.2,5.1,NA,89,2.3,NA,2.4,2.9,7.1,1.7,4.4,TRUE,FALSE,71%,57%,86%,50%,88%
P63102,14-3-3 protein zeta/delta OS,YWHAZ,13.101,25,3,3,3,357.1,6.1,15,8.2,9,10.1,8.5,NA,256.6,7.6,4.4,7.7,12,14.4,7.4,2.2,TRUE,FALSE,93%,86%,100%,88%,100%
D4ACB8,"Chaperonin subunit 8 (Theta) (Predicted), isoform CRA_a OS",CCT8,13.098,8,4,7,4,2185.5,47.5,180.5,52.3,56.9,50.1,51.4,7.7,1907.8,41.4,40.4,47.2,53,76.1,41.3,NA,TRUE,FALSE,93%,100%,86%,100%,88%
Q9EPH8,Polyadenylate-binding protein 1 OS,PABPC1,13.039,9,5,5,5,2784.6,43.8,101.4,65.1,57.6,61.6,69.7,7.7,2235.6,43,54.9,50.7,53.9,87.9,48.2,6.2,TRUE,TRUE,100%,100%,100%,100%,100%
F7FLF2,Protein LOC100360057 (Fragment) OS,LOC100363800,13.022,19,2,7,2,2627.1,23.6,83.2,47.6,33.1,41.1,41.9,57.5,2012.5,28.7,45.7,36.1,37.7,62.6,29.3,57.4,TRUE,TRUE,100%,100%,100%,100%,100%
F1M9K9,"6-phosphogluconate dehydrogenase, decarboxylating OS",KIF1B,12.977,2,2,5,2,1438.9,19.7,58.8,41.4,30.6,27.5,28,9.3,1111.5,21.3,26.8,47.4,34.6,32.9,22.5,16.9,TRUE,TRUE,100%,100%,100%,100%,100%
P07943,Aldose reductase OS,AKR1B1,12.806,11,3,6,3,2335.4,20.8,56.2,41.6,39.8,40.4,44.8,12.2,1649.5,24.4,34.4,29.7,36.3,50.1,28.7,9.9,TRUE,TRUE,100%,100%,100%,100%,100%
G3V6P7,"Myosin, heavy polypeptide 9, non-muscle OS",LOC100911597,12.785,3,5,5,5,694.3,38.2,44.8,32.2,30.7,33.7,33.1,17.6,607.5,28.1,22.3,25.4,39,52.2,25.9,7.5,TRUE,TRUE,100%,100%,100%,100%,100%
Q62753,Syntaxin-binding protein 2 OS,STXBP2,12.762,6,2,3,2,447.5,11.2,23,21.1,12.9,18.1,19.6,12.3,391.1,17.1,14.8,13.3,17.8,26,8.4,14.4,TRUE,TRUE,100%,100%,100%,100%,100%
P61107,Ras-related protein Rab-14 OS,RAB14,12.685,19,4,6,2,812.8,15.4,34.4,27.2,22.4,25.1,20.2,0.5,670.4,10.8,19.2,18,22.4,26.1,13.9,2.6,TRUE,TRUE,100%,100%,100%,100%,100%
G3V679,Transferrin receptor protein 1 OS,TFRC,12.634,6,2,3,2,267.5,5,14.6,11.4,7.1,7.5,7.7,27.2,204.6,5.7,9.3,6.8,5.6,14.3,6.3,19.8,TRUE,TRUE,100%,100%,100%,100%,100%
A1L1J8,Protein Rab5b OS,RAB5B,12.606,17,3,4,1,364.9,8.7,16.1,10.7,5.7,12.6,6.2,NA,298.9,5.5,5.6,11,8.3,9.1,8.2,NA,TRUE,FALSE,86%,86%,86%,88%,88%
Q10758,"Keratin, type II cytoskeletal 8 OS",KRT8,12.454,7,4,11,2,1440.3,183.1,353.5,200.4,174.9,476.8,244.3,322.4,996.2,183.6,205.3,137.2,253.6,469.2,134.6,178.4,TRUE,TRUE,100%,100%,100%,100%,100%
P04256,Heterogeneous nuclear ribonucleoprotein A1 OS,HNRNPA1,12.429,13,3,4,2,3701.8,51.7,94.8,73.9,69.4,80.3,72.3,61.8,2776.9,73.8,66.9,51.5,70.9,93.1,49,32.8,TRUE,TRUE,100%,100%,100%,100%,100%
B1WC34,Protein Prkcsh OS,PRKCSH,12.361,8,5,9,5,5296.4,27.1,111.4,77.1,78.9,81.7,83.4,NA,5789.6,67.3,55.7,58.7,82.5,113.6,63.7,NA,TRUE,FALSE,86%,86%,86%,88%,88%
Q3B8Q1,Nucleolar RNA helicase 2 OS,DDX21,12.309,5,3,3,3,712.9,10.4,30,15.4,16.8,7.3,17,0,506.1,8.2,14.1,14.8,11.8,26.4,11.3,4.9,TRUE,TRUE,100%,100%,100%,100%,100%
B5DEH2,Erlin-2 OS,ERLIN2,12.291,12,4,4,2,2560.3,37.1,75.1,51.1,43.9,48,55.8,NA,2145.9,31.3,51.7,42.7,57.6,77.6,43.6,NA,TRUE,FALSE,86%,86%,86%,88%,88%
Q5U328,Nucleolin OS,NCL,12.226,9,5,6,5,2118.2,25.6,60.9,42.1,40.2,41.6,48.3,NA,1568.9,29.8,36.1,28,47.3,50.2,15.7,NA,TRUE,FALSE,86%,86%,86%,88%,88%
Q09073,ADP/ATP translocase 2 OS,SLC25A5,12.159,15,5,8,5,6408.3,28.3,66.5,51.9,53.6,42,29.5,NA,3831.2,23.8,45.7,32.3,48.4,57.5,31.5,NA,TRUE,FALSE,86%,86%,86%,88%,88%
A7VJC2,Heterogeneous nuclear ribonucleoproteins A2/B1 OS,HNRNPA2B1,12.085,15,3,4,3,1610.5,20.5,38.4,40.6,26.4,29.3,32.6,22.1,1137.9,25.4,29,23.3,29.7,43,21.8,8.5,TRUE,TRUE,100%,100%,100%,100%,100%
P18420,Proteasome subunit alpha type-1 OS,PSMA1,11.993,8,2,3,2,1588.3,16.4,51.8,13.3,18.3,18.1,23.1,NA,1598.7,14.7,20,16.3,18.5,54.1,13,NA,TRUE,FALSE,86%,86%,86%,88%,88%
O08651,D-3-phosphoglycerate dehydrogenase OS,PHGDH,11.783,5,2,4,2,2390.7,43.2,171.3,77.5,44.2,54.4,60.5,139.4,2028.3,27.7,52.5,51.9,59.1,86.7,36,70.9,TRUE,TRUE,100%,100%,100%,100%,100%
P62963,Profilin-1 OS,PFN1,11.68,26,3,5,3,2718,42.7,83.6,54.7,59.4,46.8,54.3,27.6,2254.5,32.5,59.7,49.2,48.8,65.1,40.1,20.6,TRUE,TRUE,100%,100%,100%,100%,100%
Q9QZK5,Serine protease HTRA1 OS,HTRA1,11.639,9,5,10,5,5289.1,144.2,182.4,191.7,148.2,141.4,146.3,71,4175,154.3,154.3,115.3,152.4,228.4,129.3,68.9,TRUE,TRUE,100%,100%,100%,100%,100%
Q5D059,Hnrpk protein OS,HNRNPK,11.638,8,4,4,4,2763.6,24.6,65.7,42.8,42.1,46.6,46.8,NA,2204.9,31.9,37,41.6,43.4,55.2,28.1,NA,TRUE,FALSE,86%,86%,86%,88%,88%
P62243,40S ribosomal protein S8 OS,RPS8,11.625,20,4,5,4,641.9,23.3,42.3,35.9,19.3,21.9,17.5,22.9,559.9,14.8,17.1,27.8,18.1,36.6,15,13.6,TRUE,TRUE,100%,100%,100%,100%,100%
Q6AYN8,Minichromosome maintenance deficient 7 (S. cerevisiae) OS,MCM7,11.606,7,4,4,4,734.4,46.3,34.4,17.5,15.7,10.3,16.2,4.9,537.9,12.8,15.3,12.4,16.9,26.9,6.5,10.4,TRUE,TRUE,100%,100%,100%,100%,100%
P32551,"Cytochrome b-c1 complex subunit 2, mitochondrial OS",UQCRC2,11.471,8,3,4,3,1753,32.9,48.3,61.6,34.7,36.6,37.3,16.7,1348,29.1,36.3,32.9,40.6,52.2,31.7,4.9,TRUE,TRUE,100%,100%,100%,100%,100%
P19945,60S acidic ribosomal protein P0 OS,RPLP0,11.424,14,2,4,2,366.3,8.2,13.7,12.8,9.9,10.6,9.8,5.8,329.2,7.9,12.3,8.7,10.2,13,10.5,NA,TRUE,FALSE,93%,100%,86%,100%,88%
B1WC67,Protein Slc25a24 OS,SLC25A24,11.377,7,3,4,3,1965.6,9.1,26,24,20.2,21.1,17.3,23.2,1625.9,12.2,16.1,10.5,13.2,36.7,8,9.5,TRUE,TRUE,100%,100%,100%,100%,100%
Q9JHY2,Sideroflexin-3 OS,SFXN3,11.354,11,3,3,3,2109.4,29.9,39.2,39,48.1,33.4,39.1,12.1,1463.4,21.8,32.9,31.5,33.5,63.4,30.3,NA,TRUE,FALSE,93%,100%,86%,100%,88%
Q6P6R2,"Dihydrolipoyl dehydrogenase, mitochondrial OS",DLD,11.28,6,2,5,2,1351.3,13.5,33.4,20.2,18,27.9,24,4.8,1122.8,11.9,15.6,14.1,14.8,28.5,16.5,7.5,TRUE,TRUE,100%,100%,100%,100%,100%
G3V6C4,UDP-glucose 6-dehydrogenase OS,UGDH,11.19,10,3,3,3,824.3,13.2,26.4,19.7,11.8,14.3,11.4,16.2,668.1,13,13.9,11.3,12.8,19.4,8.7,14.9,TRUE,TRUE,100%,100%,100%,100%,100%
Q5XIM5,Protein CDV3 homolog OS,CDV3,11.098,13,1,2,1,191.9,2.7,5.3,2.7,NA,4.3,6.9,NA,154.7,NA,2,NA,2,3,NA,NA,TRUE,FALSE,64%,71%,57%,75%,50%
P49432,"Pyruvate dehydrogenase E1 component subunit beta, mitochondrial OS",PDHB,11.067,8,2,8,2,844.1,11.1,29.7,18.9,12.3,11.1,13.7,8.2,720.8,14.1,10.6,8.9,17.3,21.2,7.6,5.4,TRUE,TRUE,100%,100%,100%,100%,100%
F1LPI5,"Laminin, beta 3, isoform CRA_a OS",LAMB3,11.018,4,4,6,3,2085.2,36.6,82.5,72.4,46.1,52,66.4,68.5,2015.7,42.1,52,45.4,68.1,80.5,52.3,48.9,TRUE,TRUE,100%,100%,100%,100%,100%
G3V928,Protein Lrp1 OS,LRP1,11.003,1,3,3,3,250.6,10.1,26.8,13.4,14.2,19.3,11.2,12.4,227.8,11.9,16.8,12.7,18,24.6,14,10.9,TRUE,TRUE,100%,100%,100%,100%,100%
Q5M7U6,Actin-related protein 2 OS,ACTR2,10.961,5,2,4,2,169.5,NA,6.7,5.7,6,3.9,4.1,NA,184.4,4.1,2.2,NA,2.2,7.4,2.3,NA,TRUE,FALSE,79%,86%,71%,75%,75%
D4A9Y0,Protein Sdf2l1 OS,SDF2L1,10.956,20,2,6,2,2680.7,36.1,66.8,51.5,39.1,46,50.9,99.1,1917.4,37.9,37.7,45,39.4,66.7,27.7,74.7,TRUE,TRUE,100%,100%,100%,100%,100%
P62850,40S ribosomal protein S24 OS,RPS24,10.927,11,1,7,1,1542.4,29.7,70,37.8,21.9,26.5,29.6,15.8,1657.6,23.8,27.3,24.9,32,58.8,14.6,9.1,TRUE,TRUE,100%,100%,100%,100%,100%
P10111,Peptidyl-prolyl cis-trans isomerase A OS,PPIA,10.888,18,4,7,4,6708.7,41.9,89.5,93.6,57.4,61.2,43.8,76.6,6126.1,42.6,48,53.9,65.3,88.6,23.1,77.4,TRUE,TRUE,100%,100%,100%,100%,100%
P52873,"Pyruvate carboxylase, mitochondrial OS",PC,10.816,4,3,3,3,1107.9,25.5,51.6,59.5,39.9,44.9,47.9,13.5,840.2,23.7,43.2,29.7,45.7,55.5,31.1,15.9,TRUE,TRUE,100%,100%,100%,100%,100%
P08699,Galectin-3 OS,LGALS3,10.786,13,2,2,2,897.7,5.9,15,11.6,15.1,13,11,4.9,582.6,6,12.9,10.2,8.8,10.5,9.6,8.2,TRUE,TRUE,100%,100%,100%,100%,100%
Q66H11,Protein RGD1306195 OS,RGD1306195,10.783,10,2,7,2,4187.4,39.7,73.9,73.2,55.2,47.5,61.2,173.4,3723.1,39.8,38.5,42,47,117.4,32,151.4,TRUE,TRUE,100%,100%,100%,100%,100%
P49242,40S ribosomal protein S3a OS,RPS3A,10.578,12,3,6,3,1896.1,27.8,62,61.1,43.2,38.8,38,62.3,1763.2,20.2,37.7,30.4,42,45.1,21.7,58.3,TRUE,TRUE,100%,100%,100%,100%,100%
P35435,"ATP synthase subunit gamma, mitochondrial OS",ATP5C1,10.494,11,4,8,4,1040.8,12.1,35.6,19.6,12.3,14.3,8.6,2.7,789.7,14.5,12.2,17.3,19.6,19.2,8,9.8,TRUE,TRUE,100%,100%,100%,100%,100%
Q4AEF8,Coatomer subunit gamma-1 OS,COPG1,10.417,5,3,3,3,729.3,12,16.9,17.5,15.7,15.1,15,6.5,546.6,14.3,14.7,9.6,14.1,19.8,10.9,3.6,TRUE,TRUE,100%,100%,100%,100%,100%
Q63357,Unconventional myosin-Id OS,MYO1D,10.32,4,3,3,3,NA,NA,NA,NA,NA,NA,NA,NA,NA,NA,NA,NA,NA,NA,NA,NA,FALSE,FALSE,,,,,
Q64566,Calcium-transporting ATPase type 2C member 1 OS,ATP2C1,10.256,3,2,2,1,183,NA,4.9,3.1,2.6,4.9,4.2,NA,146,4.1,2.8,5.2,5.1,3.3,NA,4.2,TRUE,FALSE,86%,86%,86%,75%,88%
Q6IE67,Proteasome subunit alpha type OS,PSMA3,10.165,11,3,4,3,3011.6,67.5,128.2,119,86.5,83.2,87.9,185,2548.9,70.9,89.6,69.5,98.9,152.4,39.2,172.8,TRUE,TRUE,100%,100%,100%,100%,100%
P04642,L-lactate dehydrogenase A chain OS,LDHA,10.09,11,4,9,3,3793,44.6,83,64.4,61.3,55.8,53.2,75.4,3512.4,39.4,51.2,61.4,61.7,82.9,26.2,61.7,TRUE,TRUE,100%,100%,100%,100%,100%
F1LV13,Heterogeneous nuclear ribonucleoprotein M OS,HNRNPM,10.086,6,3,4,3,1680.7,16.6,38.3,38.4,25.6,29.5,17.5,NA,831.8,22.4,18.5,11.8,25.1,30.1,21.7,NA,TRUE,FALSE,86%,86%,86%,88%,88%
Q9QYU2,"Elongation factor Ts, mitochondrial OS",TSFM,10.021,7,1,2,1,415,14.7,51.6,51,36.8,46.4,25.7,35.2,303.7,22.2,11.3,14.2,29,21.6,16.3,23.1,TRUE,TRUE,100%,100%,100%,100%,100%
P42123,L-lactate dehydrogenase B chain OS,LDHB,10.006,10,3,7,2,651.4,9.6,22.3,19,12.2,14.7,17.8,6.6,561.6,7.9,9.7,9.9,13.3,17,13.6,2.9,TRUE,TRUE,100%,100%,100%,100%,100%
Q64232,Very-long-chain enoyl-CoA reductase OS,TECR,9.999,14,4,5,4,1900.6,19,48,35.9,39,32.9,26.9,37.3,1603.4,23.1,21.7,25.3,31.2,36.5,19.8,22.3,TRUE,TRUE,100%,100%,100%,100%,100%
P62890,60S ribosomal protein L30 OS,RPL30,9.997,17,2,10,2,1447.9,19.5,38.7,28.7,27.4,28.8,35.8,31.7,1237,13.5,19.5,19.3,34.6,35,24.3,36.4,TRUE,TRUE,100%,100%,100%,100%,100%
F1LZW6,Protein Slc25a13 (Fragment) OS,SLC25A13,9.924,4,3,6,3,2860.7,28.1,83.9,87.3,44.1,53.3,37.5,205.5,2271.1,35.7,51,36.3,61.2,93.4,24,217.5,TRUE,TRUE,100%,100%,100%,100%,100%
D4AC23,Protein Cct7 OS,CCT7,9.892,4,2,3,2,2981,21.7,64.3,41.8,40.8,39,42,11.1,2869.7,24.6,33.1,40.4,43.3,61.2,21.8,5.4,TRUE,TRUE,100%,100%,100%,100%,100%
D3ZZR9,Peptidyl-prolyl cis-trans isomerase OS,FKBP2,9.854,29,2,3,2,1229.2,6.6,10,9.6,11.9,6.4,5.8,NA,852.9,2.6,8.5,6.7,7.3,15.3,7.9,NA,TRUE,FALSE,86%,86%,86%,88%,88%
Q920L2,"Succinate dehydrogenase [ubiquinone] flavoprotein subunit, mitochondrial OS",SDHA,9.841,6,4,6,4,3028.2,25.5,60.2,39.4,38.2,37.5,49,NA,2071.6,26.9,39.2,32.1,43,63.3,25.2,NA,TRUE,FALSE,86%,86%,86%,88%,88%
P15650,"Long-chain specific acyl-CoA dehydrogenase, mitochondrial OS",ACADL,9.786,10,4,5,4,3938.5,56.6,106.3,96.1,75.6,58.2,71.6,93,3417.8,46.3,99.8,63.3,79.8,78.4,41.1,75.5,TRUE,TRUE,100%,100%,100%,100%,100%
Q923V8,15 kDa selenoprotein OS,SELENOF,9.691,18,2,4,2,311.7,6,12,10.3,10.6,9.1,9.6,0.2,255.3,6.9,9.3,4.2,9.5,8,6.9,NA,TRUE,FALSE,93%,100%,86%,100%,88%
Q9JHW0,Proteasome subunit beta type-7 OS,PSMB7,9.686,14,3,5,3,2106,51.6,110.4,75.7,62.2,65,52.3,76.3,1768.7,49.4,53.7,49.4,64.6,91.3,41.9,61.6,TRUE,TRUE,100%,100%,100%,100%,100%
O70351,3-hydroxyacyl-CoA dehydrogenase type-2 OS,HSD17B10,9.638,16,2,2,2,738.3,69.9,64.3,86.4,81.7,77,74.3,80.3,570.1,68.1,65.1,61.9,77.3,84,64.8,75.7,TRUE,TRUE,100%,100%,100%,100%,100%
P05426,60S ribosomal protein L7 OS,RPL7,9.62,12,4,4,4,2130.7,14.2,28.6,17.1,19.6,20,20,0.1,2056.9,14.1,17.3,16.5,17.4,27.8,7.5,NA,TRUE,FALSE,93%,100%,86%,100%,88%
F1LRH4,Protein Lamc2 OS,LAMC2,9.601,4,3,4,3,113.9,6.1,5.9,4.1,6.4,3.3,4.7,5.9,97.5,2.4,5.4,5.5,3.6,4.6,NA,6.8,TRUE,FALSE,93%,100%,86%,100%,88%
Q63584,Transmembrane emp24 domain-containing protein 10 OS,TMED10,9.417,9,2,4,2,5009.3,46.4,92.4,66.8,66.2,62,48.6,121.1,4611.8,39.6,58.3,57.6,67.8,75.3,36,115.6,TRUE,TRUE,100%,100%,100%,100%,100%
P21670,Proteasome subunit alpha type-4 OS,PSMA4,9.413,14,4,5,4,1497,14.9,49,43,23.5,22.6,33.8,NA,1542,30.7,25.6,27,32.7,43.7,19,NA,TRUE,FALSE,86%,86%,86%,88%,88%
P63095,Guanine nucleotide-binding protein G(s) subunit alpha isoforms short OS,GNAS,9.381,12,3,5,2,750.7,21.3,53,30.2,28.6,32,32.1,15,489.9,15.7,24.8,23.4,29.3,33.8,24.9,10.4,TRUE,TRUE,100%,100%,100%,100%,100%
B0BNK1,Protein Rab5c OS,RAB5C,9.38,17,3,4,1,2223.6,29.6,68.6,58,46.7,40,40,4.6,1612.6,27.5,40.3,40.2,40.5,61.8,30.3,NA,TRUE,FALSE,93%,100%,86%,100%,88%
P08503,"Medium-chain specific acyl-CoA dehydrogenase, mitochondrial OS",ACADM,9.366,10,2,4,2,NA,NA,NA,NA,NA,NA,NA,NA,NA,NA,NA,NA,NA,NA,NA,NA,FALSE,FALSE,,,,,
Q9R063,"Peroxiredoxin-5, mitochondrial OS",PRDX5,9.248,25,4,4,4,679.3,20.5,32.2,35.1,26.5,30,27,8.4,521.2,22.7,24.5,21.5,23.9,33,13.3,4,TRUE,TRUE,100%,100%,100%,100%,100%
Q68FR6,Elongation factor 1-gamma OS,EEF1G,9.234,8,4,6,4,1845.2,16.5,44.6,35.3,26.1,32.4,25.9,8.5,1588.9,21.3,27.3,28.2,24.5,44.9,17.5,5.9,TRUE,TRUE,100%,100%,100%,100%,100%
Q6IN22,Cathepsin B OS,CTSB,9.196,8,2,3,2,371.8,11.7,18.9,14.2,10.9,12,13.7,NA,304.4,10.6,9.2,10.8,12.2,13.7,10.7,5.1,TRUE,FALSE,93%,86%,100%,88%,100%
G3V7L6,26S protease regulatory subunit 7 OS,PSMC2,9.17,7,2,3,2,532.5,16.6,22.4,21.3,17.2,23.9,17.8,13,479.2,12.4,19.4,13.1,16.3,19.7,14.1,14,TRUE,TRUE,100%,100%,100%,100%,100%
D4ABZ9,Protein Rpl31l4 (Fragment) OS,RPL31L4,9.152,18,2,3,2,423.1,15,23.6,18.7,12.1,14.4,18.2,1,385.8,13.3,15.9,10.6,16,17.6,10.4,10.1,TRUE,TRUE,100%,100%,100%,100%,100%
D4ABT0,Guanine nucleotide-binding protein G(o) subunit alpha OS,GNAO1,9.107,13,4,4,3,1095.2,9.7,21.6,15.8,11,19.8,13.4,NA,713.9,13.3,9.2,9.8,12.1,17.9,10,NA,TRUE,FALSE,86%,86%,86%,88%,88%
Q5XHZ0,"Heat shock protein 75 kDa, mitochondrial OS",TRAP1,9.031,5,2,2,2,1302.6,35.9,51.5,41.9,29.7,30.4,47.9,31.2,1005.9,30.5,32,34.6,27.8,46.4,18.8,42,TRUE,TRUE,100%,100%,100%,100%,100%
D3ZFA8,Protein LOC100362366 OS,LOC100364909,8.997,33,2,2,2,592.8,14.8,23.9,25.8,20.7,18.7,7.9,29.3,503.4,7.6,10.6,6.2,14.4,42.6,7.6,17.8,TRUE,TRUE,100%,100%,100%,100%,100%
P18421,Proteasome subunit beta type-1 OS,PSMB1,8.966,14,2,5,2,1348.6,38.2,53.4,48.2,37.8,42,109.6,36.1,1079.1,28.6,39.6,30.5,47.4,58.3,52.5,14.1,TRUE,TRUE,100%,100%,100%,100%,100%
P15178,"Aspartate--tRNA ligase, cytoplasmic OS",DARS,8.964,7,3,3,3,NA,NA,NA,NA,NA,NA,NA,NA,NA,NA,NA,NA,NA,NA,NA,NA,FALSE,FALSE,,,,,
G3V9Q3,Heterogeneous nuclear ribonucleoprotein H OS,HNRNPH1,8.948,7,2,2,2,171.3,3.9,5.5,4.8,5.9,6.2,3.4,4.2,118,3.9,5.6,3.9,8,6.8,6.3,1.6,TRUE,TRUE,100%,100%,100%,100%,100%
P62909,40S ribosomal protein S3 OS,RPS3,8.817,21,4,4,4,3694.5,30.8,53.3,44.3,34.5,42.1,32.4,4.5,3128.3,30.5,34.5,33.3,34.6,51.4,27.2,5.4,TRUE,TRUE,100%,100%,100%,100%,100%
P08461,"Dihydrolipoyllysine-residue acetyltransferase component of pyruvate dehydrogenase complex, mitochondrial OS",DLAT,8.662,5,2,6,2,426.7,15.5,28.9,28.6,27.4,21.3,23.9,13.8,347.6,29.5,20.5,20,23.8,42.3,22.4,11.4,TRUE,TRUE,100%,100%,100%,100%,100%
D4ADW6,Protein Ktn1 OS,KTN1,8.606,3,3,3,3,252.7,5.3,8.8,7.8,5.5,7,4,5.5,176.4,4.2,5.9,4.7,4.2,11.9,4.8,3.8,TRUE,TRUE,100%,100%,100%,100%,100%
Q64654,Lanosterol 14-alpha demethylase OS,CYP51A1,8.519,12,4,4,4,598.9,7.6,20.4,14.6,16.9,15.6,12.2,10,430.9,14.8,15.4,13.3,15.3,27.2,7.8,7.9,TRUE,TRUE,100%,100%,100%,100%,100%
H7C5Y5,60S ribosomal protein L6 OS,RPL6,8.503,11,4,4,4,3956.9,43.1,76,57.1,55.7,69.4,62.5,64.4,3387.6,52.3,55,48.8,60,101,34,53.6,TRUE,TRUE,100%,100%,100%,100%,100%
P23928,Alpha-crystallin B chain OS,CRYAB,8.485,19,3,5,3,2737.1,56.6,97,70.1,65.6,60,94.9,93.2,2567.2,49.6,67.3,61.8,57.6,81.9,34.3,87.6,TRUE,TRUE,100%,100%,100%,100%,100%
Q5XIB4,Ufm1-specific protease 2 OS,UFSP2,8.458,7,2,3,2,480.9,20.4,34,25.4,23.3,19.2,22.4,8.2,384.1,18,26.6,12.9,16.7,36.3,19.2,9.7,TRUE,TRUE,100%,100%,100%,100%,100%
Q9JLJ3,4-trimethylaminobutyraldehyde dehydrogenase OS,ALDH9A1,8.385,7,4,5,4,3308.5,22.8,70.7,45.5,31.8,47.2,35.5,6.4,2333.8,30.3,36.6,24.3,39.2,62.3,31.7,1.5,TRUE,TRUE,100%,100%,100%,100%,100%
P61227,Ras-related protein Rap-2b OS,RAP2B,8.224,14,2,2,2,1954.3,17.4,48.5,37.8,20.5,27.2,27.7,5.9,1645.3,20.8,32.7,22.2,32.9,37,17.9,2.5,TRUE,TRUE,100%,100%,100%,100%,100%
Q6P2A5,Adenylate kinase 3 OS,AK3,8.17,12,2,2,2,820,10.7,21.1,12.1,12.7,16.5,38.7,44.2,672.7,11.5,11.5,8.1,14.3,13.9,20.1,58.3,TRUE,TRUE,100%,100%,100%,100%,100%
Q5VLR5,BWK4 OS,ERP44,8.106,5,2,4,2,888.7,33.2,42.9,40.1,32.2,31.3,34.9,46.5,777.3,30.8,35.7,27.9,38,48.1,29.7,34.6,TRUE,TRUE,100%,100%,100%,100%,100%
D3ZQ74,"Procollagen-lysine, 2-oxoglutarate 5-dioxygenase 1 OS",PLOD1,8.066,5,4,6,4,1077.6,20.7,49.3,33.2,35.7,26.6,26,12.3,1007.1,25.7,23.9,29,41.5,37.6,29.1,10.7,TRUE,TRUE,100%,100%,100%,100%,100%
Q9QX81,Protein Hnrnpab OS,HNRNPAB,7.998,10,3,3,3,1771,7.2,25.1,21.4,15,19.1,24.6,15.8,1294.5,6.3,17.1,11,16.7,17.5,9.3,11.9,TRUE,TRUE,100%,100%,100%,100%,100%
P04906,Glutathione S-transferase P OS,GSTP1,7.982,13,3,4,3,2500.3,133.4,199.5,208.8,167,163.5,150.8,189.3,2782.2,154.8,182.2,139,179.9,210,138.5,99.1,TRUE,TRUE,100%,100%,100%,100%,100%
Q498E0,Thioredoxin domain-containing protein 12 OS,TXNDC12,7.953,18,3,5,3,2502.3,30.7,72.5,51.7,41.1,50,44.7,41.7,2342.4,32.3,34.1,37.8,35.3,41.3,32.1,26.3,TRUE,TRUE,100%,100%,100%,100%,100%
F1LM84,Nidogen-1 OS,NID1,7.893,2,2,2,2,593.3,11.5,22.1,15.1,15.9,12.6,15.5,22.7,516.2,11.9,14.2,11.7,17.3,17.5,12.7,4.7,TRUE,TRUE,100%,100%,100%,100%,100%
Q4G061,Eukaryotic translation initiation factor 3 subunit B OS,EIF3B,7.877,3,2,2,2,329.7,4.1,9.6,6,4.7,8.2,5.1,NA,325,5.6,2.4,6,6.8,7.2,3.8,NA,TRUE,FALSE,86%,86%,86%,88%,88%
D4A1D8,Protein Surf4 OS,SURF4,7.811,12,2,2,2,2695.9,24.5,47.8,37.7,36.4,34.7,32.3,NA,1798.2,28.2,42,32.5,40.4,44.7,27.5,1.3,TRUE,FALSE,93%,86%,100%,88%,100%
Q9Z1X1,Extended synaptotagmin-1 OS,ESYT1,7.711,3,3,3,3,252.3,NA,9,7.4,2,7.7,5.3,4.4,176.1,6.1,3,5.9,6.5,10.9,6.1,4.8,TRUE,FALSE,100%,100%,100%,88%,100%
Q5U302,"Catenin (Cadherin associated protein), alpha 1 OS",CTNNA1,7.604,4,3,3,3,NA,NA,NA,NA,NA,NA,NA,NA,NA,NA,NA,NA,NA,NA,NA,NA,FALSE,FALSE,,,,,
P20417,Tyrosine-protein phosphatase non-receptor type 1 OS,PTPN1,7.578,6,2,3,2,418.5,7.3,23.8,15.3,12.1,11.2,14.2,4.8,384.6,2.5,12.2,19.6,12.1,12.7,5.1,0.1,TRUE,TRUE,100%,100%,100%,100%,100%
P62914,60S ribosomal protein L11 OS,RPL11,7.551,12,2,4,2,1085.8,8.4,24.7,16.9,13.3,6.8,33,NA,1135.2,11.6,8.9,14.6,10.9,18.3,12.1,NA,TRUE,FALSE,86%,86%,86%,88%,88%
Q5XIW0,Protein LOC100362432 OS,TIMM23,7.489,12,2,2,2,165.5,2.7,4.2,4.1,5.9,6.6,5.9,NA,137.9,4.3,3.5,5,2.3,8.1,3.2,NA,TRUE,FALSE,86%,86%,86%,88%,88%
R9PY10,Taste receptor type 1 member 2 (Fragment) OS,TAS1R2,7.296,1,1,3,1,516.1,NA,9.1,2,13.2,9.6,3.9,6.7,336.1,NA,5.1,3.6,10.3,4.5,3.7,1.4,TRUE,FALSE,100%,100%,100%,88%,88%
G3V779,"Ladinin (Predicted), isoform CRA_b OS",LAD1,7.258,4,2,2,2,NA,NA,NA,NA,NA,NA,NA,NA,NA,NA,NA,NA,NA,NA,NA,NA,FALSE,FALSE,,,,,
F1M3H8,Protein Hnrnpa0 OS,HNRNPA0,7.238,13,3,5,3,1382,27.1,245.7,62,52,19.6,69.6,20.2,1081.8,24.2,209.9,31.6,27.7,18.1,338.6,24.2,TRUE,TRUE,100%,100%,100%,100%,100%
P12007,"Isovaleryl-CoA dehydrogenase, mitochondrial OS",IVD,7.022,6,2,2,2,913.4,9.2,23.4,16.8,15.8,15.6,10.7,NA,775.3,10.6,18.5,12,16.9,24.1,10.1,NA,TRUE,FALSE,86%,86%,86%,88%,88%
F1M6V1,Heterochromatin protein 1-binding protein 3 OS,HP1BP3,7.013,5,2,3,2,503.7,14.7,22.5,22.4,12.2,14.9,22.8,15.5,362.3,7.8,11.1,11.4,13.7,18.8,16.1,19.5,TRUE,TRUE,100%,100%,100%,100%,100%
G3V8A5,Vacuolar protein sorting-associated protein 35 OS,VPS35,7.013,3,2,3,2,135.6,3.6,6.4,6.3,3.5,6.1,4.7,NA,116.6,NA,2.2,5.4,3.1,4.8,2.2,NA,TRUE,FALSE,86%,86%,86%,88%,75%
F1LPV8,Protein Suclg2 OS,SUCLG2,6.955,5,3,3,3,2342.3,17.7,56.9,49,30.3,31.2,41.1,NA,1779.4,22.2,38.7,32.6,36.8,48.6,24,NA,TRUE,FALSE,86%,86%,86%,88%,88%
P19511,"ATP synthase F(0) complex subunit B1, mitochondrial OS",ATP5F1,6.873,6,2,4,2,3537.9,56.6,115.8,74.9,73.3,73,92.8,63.7,2955.5,52.8,81,73.9,74.9,101.1,52.9,63.3,TRUE,TRUE,100%,100%,100%,100%,100%
P56574,"Isocitrate dehydrogenase [NADP], mitochondrial OS",IDH2,6.853,3,1,2,1,484.2,7.7,10,13.9,16.4,14.4,10.4,NA,235.9,8.9,13.8,6.1,14,11.4,8.1,NA,TRUE,FALSE,86%,86%,86%,88%,88%
Q9Z1B2,Glutathione S-transferase Mu 5 OS,GSTM5,6.826,11,2,3,1,NA,NA,NA,NA,NA,NA,NA,NA,NA,NA,NA,NA,NA,NA,NA,NA,FALSE,FALSE,,,,,
Q66X93,Staphylococcal nuclease domain-containing protein 1 OS,SND1,6.795,3,2,3,2,530,6.7,19.1,10.8,11.4,9.6,10.7,0.5,486.4,4.7,5.7,8.4,12.8,10.5,8.5,NA,TRUE,FALSE,93%,100%,86%,100%,88%
P62804,Histone H4 OS,HIST1H4B,6.785,12,1,3,1,1251.4,17.4,29.7,23.9,31.7,31.2,25,NA,1281.7,15.4,21.3,25,21.2,32.4,11.6,NA,TRUE,FALSE,86%,86%,86%,88%,88%
P08644,GTPase KRas OS,KRAS,6.774,12,2,3,2,1808.8,25.3,70.6,39.5,44.2,40.9,57.7,NA,1406.4,24.1,41.7,35.3,47.9,43.6,36.3,1.1,TRUE,FALSE,93%,86%,100%,88%,100%
P50475,"Alanine--tRNA ligase, cytoplasmic OS",AARS,6.758,4,2,2,2,77.1,NA,4.4,3.8,NA,1.9,4.9,3.5,70.2,2.9,4.1,NA,5.6,7.3,3.1,1.2,TRUE,FALSE,86%,86%,86%,75%,88%
Q9EQT5,Tubulointerstitial nephritis antigen-like OS,TINAGL1,6.75,5,2,2,2,849.4,53.2,98.9,86,69.6,65.2,90.1,46.9,644,55.3,90.7,78.6,78.3,93.6,51,45.3,TRUE,TRUE,100%,100%,100%,100%,100%
P38650,Cytoplasmic dynein 1 heavy chain 1 OS,DYNC1H1,6.721,1,3,3,3,611.3,6.7,10.9,8.4,15.7,7.6,9.4,NA,571.1,4.3,3.8,7,6.4,8,1.7,NA,TRUE,FALSE,86%,86%,86%,88%,88%
Q8CFN2,Cell division control protein 42 homolog OS,CDC42,6.706,9,1,2,1,303.1,7.3,19.6,16.5,14.1,14.9,15.2,18.6,246.5,14.2,9.8,4.4,13.4,14.4,9.6,21.5,TRUE,TRUE,100%,100%,100%,100%,100%
D3ZUF9,Pitrilysin metallepetidase 1 (Predicted) OS,PITRM1,6.681,4,3,3,3,344.6,15.7,13.8,13.8,8.6,11.9,14.5,6.3,267.4,9.9,9.9,9,7.7,23.3,7.5,10.1,TRUE,TRUE,100%,100%,100%,100%,100%
Q5BJU0,Protein Rras2 OS,RRAS2,6.623,18,2,2,2,589.9,17.7,26.7,62.7,17.3,27.2,35,NA,490.8,17.3,16.4,22.3,32.2,25.7,16.2,7.4,TRUE,FALSE,93%,86%,100%,88%,100%
D4A5G8,Protein Pdha1l1 OS,PDHA1L1,6.59,5,3,5,3,2987.9,12.6,31.5,26.4,23.7,27.5,17.9,NA,2351.5,8.8,31.1,19,18.4,29.8,7.1,NA,TRUE,FALSE,86%,86%,86%,88%,88%
P62250,40S ribosomal protein S16 OS,RPS16,6.577,21,3,3,3,2432.8,31,67.7,55.3,66.9,36.4,69.2,NA,1798.6,26.4,56.4,45.4,47,63.8,46.3,NA,TRUE,FALSE,86%,86%,86%,88%,88%
D3ZSA9,Protein Nomo1 OS,NOMO1,6.553,4,3,3,3,699.4,15.6,18.6,20.6,23,19.5,18.6,NA,560.4,15.3,17.2,14.9,20,22.4,17.7,NA,TRUE,FALSE,86%,86%,86%,88%,88%
Q794F9,4F2 cell-surface antigen heavy chain OS,SLC3A2,6.515,5,1,2,1,NA,NA,NA,NA,NA,NA,NA,NA,NA,NA,NA,NA,NA,NA,NA,NA,FALSE,FALSE,,,,,
Q5U2R7,LDLR chaperone MESD OS,MESDC2,6.512,10,2,3,2,2163.2,30.2,59,42.5,39.7,50.2,44.6,NA,1844.8,29.2,34.6,28.3,46,60.4,29.6,NA,TRUE,FALSE,86%,86%,86%,88%,88%
Q07803,"Elongation factor G, mitochondrial OS",GFM1,6.506,3,2,2,2,1525.8,16.7,38.1,28.6,20.8,23.9,24.7,14.8,1139.2,14.2,22.9,21.3,23.4,34.4,16.8,18,TRUE,TRUE,100%,100%,100%,100%,100%
D4A7D7,"Hexose-6-phosphate dehydrogenase (Glucose 1-dehydrogenase) (Predicted), isoform CRA_b OS",H6PD,6.442,3,2,2,2,109,5.9,7,3.9,NA,6.6,1.4,5.1,133,4.5,1.8,2.2,2.8,6.8,2.6,NA,TRUE,FALSE,86%,86%,86%,88%,88%
F1LNV4,"ATP-binding cassette sub-family B member 7, mitochondrial OS",ABCB7,6.428,4,2,2,2,449,5.9,16.3,16.1,11.1,8,15.9,14.7,402,5.1,11.5,5,12.7,14.9,11.9,23.9,TRUE,TRUE,100%,100%,100%,100%,100%
Q9ES21,Phosphatidylinositide phosphatase SAC1 OS,SACM1L,6.407,3,2,3,2,2364.9,37.4,72.1,63.4,53.5,50.5,52.9,NA,1715.5,55.7,43.9,39.2,61,64.9,35.5,NA,TRUE,FALSE,86%,86%,86%,88%,88%
D3ZUB0,Protein Rcn1 OS,RCN1,6.405,9,3,10,3,3042.8,41.5,90.7,76.8,59.3,69.4,70.1,25,3156.1,46.4,48.3,48.6,59.1,87.1,49.1,22.2,TRUE,TRUE,100%,100%,100%,100%,100%
P61589,Transforming protein RhoA OS,RHOA,6.387,13,2,5,2,503.7,15.5,33.7,21.5,26,27.3,23,21.2,381,16.2,16.9,16.2,21.7,25.8,14.6,14.5,TRUE,TRUE,100%,100%,100%,100%,100%
P21531,60S ribosomal protein L3 OS,RPL3,6.385,7,4,5,4,3262.3,25.9,39.5,31.8,21,27,24.6,NA,2924,19.2,24.2,27.6,28.4,41.6,11.3,NA,TRUE,FALSE,86%,86%,86%,88%,88%
Q06647,"ATP synthase subunit O, mitochondrial OS",ATP5O,6.382,13,2,3,2,1045,19.7,42.1,27.7,22.7,21.9,19.7,34.8,869.7,14,24,19.1,22.7,32.5,14.4,14.6,TRUE,TRUE,100%,100%,100%,100%,100%
P62832,60S ribosomal protein L23 OS,RPL23,6.365,20,2,3,2,333.2,10.5,16.5,20.2,16.7,13.4,15.5,NA,298,11.1,17.8,24,12.6,15.1,8,NA,TRUE,FALSE,86%,86%,86%,88%,88%
B2RZ72,"Actin related protein 2/3 complex, subunit 4 (Predicted), isoform CRA_a OS",ARPC4,6.356,19,3,3,3,1356.1,24.4,47.3,34.6,30.6,29.1,28.1,7.4,1432.3,19.4,28.1,25.8,28.3,34.1,18.9,7.2,TRUE,TRUE,100%,100%,100%,100%,100%
P62260,14-3-3 protein epsilon OS,YWHAE,6.187,16,3,3,3,278.5,7.6,18.2,7.3,7.6,5.6,9.9,3.1,202.4,7.4,6.5,10.7,6.3,16.6,4.5,21.8,TRUE,TRUE,100%,100%,100%,100%,100%
Q5PQL9,Protein Ptges3l1 OS,PTGES3L1,6.162,13,2,3,2,886.4,5.5,14.9,9.1,13.1,6.5,7.7,NA,813,11.4,9.2,9.1,11.4,13.4,2.8,NA,TRUE,FALSE,86%,86%,86%,88%,88%
P60901,Proteasome subunit alpha type-6 OS,PSMA6,6.151,11,2,3,2,67,5.8,7.6,12.2,7.9,7.9,4.7,10.8,68.6,6.7,7.2,4.7,13.4,10.9,6.1,4.1,TRUE,TRUE,100%,100%,100%,100%,100%
Q4KMA8,Endoplasmic reticulum aminopeptidase 1 OS,ERAP1,6.141,2,2,5,2,390.8,6.2,6.2,8.1,6.7,5.4,8.1,NA,357.9,5.8,7.2,6.8,5.7,7.4,5.2,NA,TRUE,FALSE,86%,86%,86%,88%,88%
B4F7C9,Protein Stt3a OS,STT3A,6.139,5,3,3,3,1029.4,2.4,9.2,8.9,9.5,10.1,6.8,NA,913.4,6,4.1,7,7.1,9.7,2.7,NA,TRUE,FALSE,86%,86%,86%,88%,88%
Q5U2X7,Mitochondrial import inner membrane translocase subunit Tim21 OS,TIMM21,6.121,11,2,4,2,334,12.8,29.6,19.3,15.8,24.3,14.6,17.5,238.8,29.4,21.7,8.4,11.5,41.6,11,12.4,TRUE,TRUE,100%,100%,100%,100%,100%
Q08163,Adenylyl cyclase-associated protein 1 OS,CAP1,6.106,7,2,2,2,122.6,3.3,7.5,9.1,4.4,1.5,5.6,7.5,81.8,5.4,5.7,3.3,7.4,5.6,2.9,3,TRUE,TRUE,100%,100%,100%,100%,100%
P28042,"Single-stranded DNA-binding protein, mitochondrial OS",SSBP1,6.041,12,1,3,1,NA,NA,NA,NA,NA,NA,NA,NA,NA,NA,NA,NA,NA,NA,NA,NA,FALSE,FALSE,,,,,
P27008,Poly [ADP-ribose] polymerase 1 OS,PARP1,6.03,3,3,3,3,749.1,8.5,19.9,20.7,15.1,17.6,15.4,NA,572.7,13,11.8,11.2,14.5,20.4,13.4,NA,TRUE,FALSE,86%,86%,86%,88%,88%
O08984,Lamin-B receptor OS,LBR,6.02,4,2,2,1,1134.2,17.2,52.6,20.8,19.8,21.8,32.8,NA,807.2,17.3,18.7,15.2,17.4,36,21.4,NA,TRUE,FALSE,86%,86%,86%,88%,88%
P70580,Membrane-associated progesterone receptor component 1 OS,PGRMC1,5.993,9,2,2,2,592.6,12.5,25.9,19.1,16.7,17.6,23.1,NA,462.1,14,14.4,12.9,21.1,21.7,16.8,NA,TRUE,FALSE,86%,86%,86%,88%,88%
Q6PDV6,40S ribosomal protein S14 OS,RPS14,5.943,11,1,2,1,1156.3,21.1,38.4,17.3,19.1,24,20.5,NA,874.4,13.7,17.1,12.8,13.1,24.1,11.2,NA,TRUE,FALSE,86%,86%,86%,88%,88%
P24049,60S ribosomal protein L17 OS,RPL17,5.93,13,2,2,2,3110.1,25,41.8,40.6,26.6,27,26.9,NA,3237.5,14.4,26,23.2,30.7,43.6,16.1,NA,TRUE,FALSE,86%,86%,86%,88%,88%
G3V774,F-box only protein 2 OS,FBXO2,5.896,14,2,2,2,527.1,18.3,82.7,20.8,25.2,26.2,47,21.1,359.3,18.3,32.2,15.1,34.1,63.8,17.4,13.5,TRUE,TRUE,100%,100%,100%,100%,100%
P16970,ATP-binding cassette sub-family D member 3 OS,ABCD3,5.89,3,2,2,2,925.1,21.4,37.6,27.6,21,24,29.9,NA,767.5,17.7,27.1,23.6,29.3,29.6,15.5,3.1,TRUE,FALSE,93%,86%,100%,88%,100%
P60123,RuvB-like 1 OS,RUVBL1,5.85,5,2,2,2,578.1,12.6,19.6,16.7,11.2,12,12.4,NA,490.9,9.5,10.2,8,12.9,17.6,6.9,NA,TRUE,FALSE,86%,86%,86%,88%,88%
D4A2H2,Protein Sptlc1 OS,SPTLC1,5.844,8,3,3,3,777.6,7.3,20,14.2,14.5,12.2,11.7,1.9,629.8,8.7,17.4,13.5,17.1,20.2,6.3,11.6,TRUE,TRUE,100%,100%,100%,100%,100%
D4A830,Protein Ppa2 OS,PPA2,5.834,8,2,2,2,NA,NA,NA,NA,NA,NA,NA,NA,NA,NA,NA,NA,NA,NA,NA,NA,FALSE,FALSE,,,,,
F1LM47,Protein Sucla2 OS,SUCLA2,5.826,6,3,4,3,1338.6,26.6,49.3,56.2,42.5,41.7,31.8,1.7,995.1,31.5,50.3,33.8,35.5,39.5,36.2,NA,TRUE,FALSE,93%,100%,86%,100%,88%
P81155,Voltage-dependent anion-selective channel protein 2 OS,VDAC2,5.82,14,4,7,3,355.1,15,44.5,37.2,22.7,29.7,17.7,50.6,376.9,12.8,19.4,22.3,18.9,30.7,25.1,36.2,TRUE,TRUE,100%,100%,100%,100%,100%
P38983,40S ribosomal protein SA OS,RPSA,5.775,9,3,3,3,1602.2,10.3,23.8,17.3,17.8,12.2,12.9,NA,1389.7,12.3,13.4,12.7,18.8,21.8,4.6,NA,TRUE,FALSE,86%,86%,86%,88%,88%
P54311,Guanine nucleotide-binding protein G(I)/G(S)/G(T) subunit beta-1 OS,GNB1,5.745,9,3,8,3,3470.1,49,115.3,92.7,81.6,74.9,64.8,164.9,2940.3,53.2,64,55.6,66.5,115.3,50.6,128.4,TRUE,TRUE,100%,100%,100%,100%,100%
M0R3V4,Protein LOC501282 OS,LOC501282,5.737,15,3,4,3,3301.1,26.3,78.4,51.6,41.2,40.9,47.7,60,3192.3,49.7,36.5,38.4,40,62.3,25.7,58.7,TRUE,TRUE,100%,100%,100%,100%,100%
Q6TXE9,LRRGT00050 OS,EPRS,5.618,1,1,2,1,746.3,12.8,20.4,13,8.4,12.6,10.8,20.4,662.3,11.7,15.9,8.7,15.1,21.1,11.2,12.3,TRUE,TRUE,100%,100%,100%,100%,100%
Q9JI85,Nucleobindin-2 OS,NUCB2,5.589,6,2,3,2,268.8,6.6,10.3,12.1,12.3,10.6,8.5,1.7,232.5,9.1,11,13,6.7,9.6,10.2,3.9,TRUE,TRUE,100%,100%,100%,100%,100%
Q9JID2,Guanine nucleotide-binding protein subunit alpha-11 OS,GNA11,5.546,5,2,2,2,947.8,5.1,9,7.8,6.6,4.6,7.4,NA,586.8,2.5,6.7,4.5,3.3,9.9,5.3,NA,TRUE,FALSE,86%,86%,86%,88%,88%
P48004,Proteasome subunit alpha type-7 OS,PSMA7,5.53,9,3,5,3,3380.4,26,44.4,44.7,23.3,36.7,25.5,26.1,3253.2,27.5,31.1,26.7,26.2,53.5,14.5,12.1,TRUE,TRUE,100%,100%,100%,100%,100%
D3ZFP4,Protein Mcm3 OS,MCM3,5.475,4,2,2,2,217.2,NA,3,NA,NA,3.2,1.5,NA,183,NA,2.4,2.9,2.9,4,3.2,NA,TRUE,FALSE,71%,57%,86%,50%,75%
Q5FVN0,Lysophospholipid acyltransferase 5 OS,LPCAT3,5.435,5,2,2,2,NA,NA,NA,NA,NA,NA,NA,NA,NA,NA,NA,NA,NA,NA,NA,NA,FALSE,FALSE,,,,,
Q5RKI0,WD repeat-containing protein 1 OS,WDR1,5.435,3,2,3,2,541.6,3.1,7.9,9.7,7.5,4.3,8.7,NA,522.7,5.3,5.4,3.9,6.5,8.2,3.9,NA,TRUE,FALSE,86%,86%,86%,88%,88%
Q6AYC4,Macrophage-capping protein OS,CAPG,5.385,4,2,2,2,332.3,7.3,11.9,11.1,6.2,10.9,14.2,11.9,237,6.7,8.7,6.5,4.8,11.8,7.8,11,TRUE,TRUE,100%,100%,100%,100%,100%
G3V7G0,Cytoplasmic dynein 1 light intermediate chain 1 OS,DYNC1LI1,5.354,4,1,2,1,99.9,NA,4.8,4.2,2.7,4,2.4,NA,80.6,NA,3.5,3.2,2.6,4.2,NA,2.8,TRUE,FALSE,86%,86%,86%,75%,75%
Q5HZY0,UBX domain-containing protein 4 OS,UBXN4,5.331,6,3,3,3,541.9,4.3,15.6,9.8,12.8,8.4,11.7,NA,359.5,9,9.2,9.5,14,11.8,6.8,NA,TRUE,FALSE,86%,86%,86%,88%,88%
Q9QUL6,Vesicle-fusing ATPase OS,NSF,5.278,3,2,2,2,976.5,14.5,26.4,23.9,22.5,16.2,21.8,NA,893.8,15.8,15.8,11.6,20.4,23.3,10.6,NA,TRUE,FALSE,86%,86%,86%,88%,88%
B2RZ74,Protein Snrnp70 OS,SNRNP70,5.254,4,2,3,2,2907,32.7,81.2,57.4,48,54.6,58.1,5,1781,64.8,43,39.6,66.5,74.7,27.5,NA,TRUE,FALSE,93%,100%,86%,100%,88%
P23606,Protein-glutamine gamma-glutamyltransferase K OS,TGM1,5.236,4,2,2,2,2987.3,35.3,82.6,47.5,49.5,53.7,60.6,NA,3535.3,55.6,54.1,44.9,51.7,110.8,30.1,NA,TRUE,FALSE,86%,86%,86%,88%,88%
D4ADC3,Protein Mgst2 OS,MGST2,5.228,10,1,3,1,543.4,2.6,22.7,20.4,10.8,16.5,6.9,11.9,403,10.1,8.6,9.7,17.4,20.8,9.6,6.2,TRUE,TRUE,100%,100%,100%,100%,100%
Q5U3Z7,Serine hydroxymethyltransferase OS,SHMT2,5.209,9,4,6,4,3321.5,70.9,130.1,88,95.2,97.1,110.7,NA,2136.5,69.5,97.6,89.1,101.5,94,64.1,6,TRUE,FALSE,93%,86%,100%,88%,100%
P17764,"Acetyl-CoA acetyltransferase, mitochondrial OS",ACAT1,5.189,6,3,6,3,3927.1,25.1,65.9,47.7,45,38.3,44.2,NA,2776.9,44.2,44.6,36,56.3,55.9,23.5,6.4,TRUE,FALSE,93%,86%,100%,88%,100%
D3ZV63,Protein RGD1307830 OS,RGD1307830,5.154,4,2,2,2,1471.7,9.5,24.8,15,14.6,16.7,15.5,NA,1358.9,10.8,13.1,14.4,19.3,19.2,20.9,NA,TRUE,FALSE,86%,86%,86%,88%,88%
P42667,Signal peptidase complex catalytic subunit SEC11A OS,SEC11A,5.12,14,2,3,2,1562.1,20.9,29.5,28.4,18.5,22.5,24.1,36.8,1423.3,14.6,24,18.9,25.8,22.2,21.7,30.4,TRUE,TRUE,100%,100%,100%,100%,100%
Q9Z2G8,Nucleosome assembly protein 1-like 1 OS,NAP1L1,5.112,6,2,2,2,1138.3,9.7,18.9,11.6,11.7,13.5,18.4,NA,1029.3,11.8,12.6,20.5,8.8,17.3,7.3,NA,TRUE,FALSE,86%,86%,86%,88%,88%
F1LT35,Protein Rpl23a-ps1 (Fragment) OS,RGD1564606,5.104,15,2,3,2,1321.5,28.2,64.9,61.2,28.7,21.3,44.2,17.7,1143.8,19.7,26.4,25.5,24.4,34.1,16.3,1.9,TRUE,TRUE,100%,100%,100%,100%,100%
F1LPY9,Lamin-B receptor OS,LBR,5.077,3,2,2,1,3244.9,20.1,48.9,39.5,36.3,34,45.7,NA,2852,26.3,43.2,31.5,35.5,36.8,21.8,NA,TRUE,FALSE,86%,86%,86%,88%,88%
Q6P7B0,"Tryptophan--tRNA ligase, cytoplasmic OS",WARS,5.059,3,1,3,1,219.7,11.6,16.9,14.7,11.4,14.9,12.5,16.6,173.5,10.6,10.4,7.8,12.7,19.2,6.1,12.1,TRUE,TRUE,100%,100%,100%,100%,100%
B2GUZ3,Mthfd1l protein OS,MTHFD1L,5.058,2,2,2,2,1483.4,31.9,47.3,45.5,41.6,33,38.9,35.9,1038.2,28.2,48.1,35.9,36.6,50.9,28.5,29.5,TRUE,TRUE,100%,100%,100%,100%,100%
P14604,"Enoyl-CoA hydratase, mitochondrial OS",ECHS1,5.04,7,2,4,2,1335.9,11,31.8,16.1,19.9,15.2,17.8,12.3,1107.2,32.8,17.3,12.9,20.4,25.1,9.6,14.4,TRUE,TRUE,100%,100%,100%,100%,100%
Q5U2S7,"Proteasome (Prosome, macropain) 26S subunit, non-ATPase, 3 OS",PSMD3,4.976,4,2,2,2,286,6.9,10.1,8,7.1,5,4.7,NA,212.9,4.6,12.5,6.1,8.3,8.5,7.7,NA,TRUE,FALSE,86%,86%,86%,88%,88%
G3V8Q6,"Protein kinase, cAMP-dependent, regulatory, type 2, alpha, isoform CRA_a OS",PRKAR2A,4.95,6,2,2,2,307.2,11.6,21,20.7,18.7,14.1,18.8,17.9,252.4,8.1,7.2,12.1,11.8,17.5,9.5,20.5,TRUE,TRUE,100%,100%,100%,100%,100%
F2Z3Q8,Importin subunit beta-1 OS,KPNB1,4.864,3,2,3,2,378,5.1,15.6,12.2,6.3,12.5,7.5,18.9,330.8,6.7,3.8,7.7,8.1,13.7,1.9,7.6,TRUE,TRUE,100%,100%,100%,100%,100%
B2RZD6,Ndufa4 protein OS,NDUFA4,4.853,22,2,2,2,2666.7,14.7,33.2,25.4,23.9,18.2,20.5,NA,2270.7,10.5,22.5,21.9,26.6,27,10.5,NA,TRUE,FALSE,86%,86%,86%,88%,88%
R9PXZ2,Heterogeneous nuclear ribonucleoprotein Q (Fragment) OS,SYNCRIP,4.842,3,2,2,2,422.2,2.7,5.5,3.6,3,4.6,3.2,NA,356.9,4.8,5.5,3.7,2.5,8.9,1.3,NA,TRUE,FALSE,86%,86%,86%,88%,88%
D4A219,Protein RGD1565159 OS,RGD1565159,4.784,13,3,3,3,810.6,6.7,13,13.8,11.6,9,10.1,NA,654.5,13.6,10.9,1.9,11.1,16.1,5.3,NA,TRUE,FALSE,86%,86%,86%,88%,88%
F1LLW7,Dehydrogenase/reductase SDR family member 9 OS,DHRS9,4.78,4,1,2,1,1516.8,11.4,30.6,22.9,20.3,21.2,26,NA,1053.1,24.7,20.4,19.1,35,35.9,20.8,NA,TRUE,FALSE,86%,86%,86%,88%,88%
P61621,Protein transport protein Sec61 subunit alpha isoform 1 OS,SEC61A1,4.776,5,2,3,2,1668.2,18.9,66.3,39,33.7,24.8,35.8,19,1113.1,23.2,32.2,30.5,29.4,54.2,21,NA,TRUE,FALSE,93%,100%,86%,100%,88%
P13941,Collagen alpha-1(III) chain OS,COL3A1,4.775,2,3,3,3,1192.2,67.5,111.3,76.9,83.8,68.4,86.1,118.2,1062.2,73.5,72.2,72.7,80.9,92.8,65.2,82.4,TRUE,TRUE,100%,100%,100%,100%,100%
Q63570,26S protease regulatory subunit 6B OS,PSMC4,4.692,8,3,3,3,77.6,5,7.4,7.6,4.7,10.2,4.5,4.8,65.6,3,3.2,1.6,6.3,NA,2.8,4.3,TRUE,FALSE,93%,100%,86%,100%,88%
P97576,"GrpE protein homolog 1, mitochondrial OS",GRPEL1,4.627,9,2,2,2,632.3,4.6,19.9,15,16.7,11.4,18.1,NA,480.9,10.3,14.8,10.8,15.2,9.5,10,NA,TRUE,FALSE,86%,86%,86%,88%,88%
Q6B345,Protein S100-A11 OS,S100A11,4.598,16,1,3,1,149.9,8.5,13.3,9.1,5.4,10.9,9.5,10.7,143.3,6.8,4,9.8,9,21.8,6.4,3.6,TRUE,TRUE,100%,100%,100%,100%,100%
Q99NA5,"Isocitrate dehydrogenase [NAD] subunit alpha, mitochondrial OS",IDH3A,4.594,7,3,3,3,4140.5,37.3,78.5,71.9,66.5,70.7,61.3,53,2885.8,36.5,52.5,42.7,61.5,64,33.3,57.2,TRUE,TRUE,100%,100%,100%,100%,100%
Q9WVB1,Ras-related protein Rab-6A OS,RAB6A,4.592,10,2,3,2,795.8,6.3,19.8,12.2,14.4,6,11.1,27.7,603.3,6.5,12.4,12.1,12.3,14.5,8,24.3,TRUE,TRUE,100%,100%,100%,100%,100%
P62703,"40S ribosomal protein S4, X isoform OS",RPS4X,4.586,6,2,3,2,2596.5,18.5,46.8,28.4,30.4,27.5,25.9,NA,1821.1,26.8,22.2,20.8,33.7,48,22.5,NA,TRUE,FALSE,86%,86%,86%,88%,88%
P47875,Cysteine and glycine-rich protein 1 OS,CSRP1,4.436,5,1,3,1,910.6,12.2,40.9,34.5,15.2,20,26.6,12.5,719.8,12.8,14.9,20.8,19,35.7,18.9,11.5,TRUE,TRUE,100%,100%,100%,100%,100%
Q5PQX1,Torsin-1A-interacting protein 1 OS,TOR1AIP1,4.398,3,2,2,2,906,4,8.9,11.8,8.2,13,7.5,NA,690.9,6.4,6.2,2.8,3.2,13.3,8.6,NA,TRUE,FALSE,86%,86%,86%,88%,88%
D3ZAN3,Alpha glucosidase 2 alpha neutral subunit (Predicted) OS,GANAB,4.387,3,2,2,2,1587.9,3.6,13.7,9.3,12.7,14.4,11.1,NA,1204.2,3.3,7.1,10,13.3,10.5,19.8,NA,TRUE,FALSE,86%,86%,86%,88%,88%
P31977,Ezrin OS,EZR,4.371,3,1,2,1,93.1,NA,5.2,3.9,3.7,NA,NA,NA,62.8,NA,4.2,3,NA,2.7,NA,NA,TRUE,FALSE,57%,57%,57%,50%,50%
D3ZXA2,Ribosomal protein L15 OS,RGD1565131,4.365,8,2,4,2,2638.4,12.5,17.3,15,17.1,21.3,9.7,NA,1864.9,7.5,11.1,11,21.5,26.8,6.2,NA,TRUE,FALSE,86%,86%,86%,88%,88%
P55770,NHP2-like protein 1 OS,NHP2L1,4.324,12,1,2,1,NA,NA,NA,NA,NA,NA,NA,NA,NA,NA,NA,NA,NA,NA,NA,NA,FALSE,FALSE,,,,,
F1LMZ8,26S proteasome non-ATPase regulatory subunit 11 OS,PSMD11,4.322,3,1,3,1,321.5,10.9,25.5,19.1,11.3,21.6,17.7,15.6,297.8,8.9,14.3,13.2,16.2,25.1,6.2,5.1,TRUE,TRUE,100%,100%,100%,100%,100%
G3V7G8,Glycine--tRNA ligase OS,GARS,4.318,3,3,3,3,1092.9,18.2,36.4,27,22.9,22.5,23.4,1,884.4,16.6,20.6,19.6,23.4,22.4,20.9,NA,TRUE,FALSE,93%,100%,86%,100%,88%
P40329,"Arginine--tRNA ligase, cytoplasmic OS",RARS,4.3,6,2,2,2,NA,NA,NA,NA,NA,NA,NA,NA,NA,NA,NA,NA,NA,NA,NA,NA,FALSE,FALSE,,,,,
Q6P6T6,Cathepsin D OS,CTSD,4.295,4,2,4,2,2253.4,12.3,27.5,36,24.1,25.5,20.5,NA,1405.3,13.3,17.7,22,23.9,46.8,19.3,NA,TRUE,FALSE,86%,86%,86%,88%,88%
Q6Q0N1,Cytosolic non-specific dipeptidase OS,CNDP2,4.292,7,2,2,2,111.9,10.8,14.9,18.1,8.5,19.1,10.6,11,87.6,11.6,12.2,9.8,18.6,17.8,9,12.2,TRUE,TRUE,100%,100%,100%,100%,100%
F1M6F4,Protein LOC100912210 (Fragment) OS,LOC100912210,4.262,17,2,2,2,957,3.6,9.2,7.8,5.8,8.7,3.5,NA,769.5,3.8,5.9,7,6.5,9.4,5.3,NA,TRUE,FALSE,86%,86%,86%,88%,88%
Q7TPB1,T-complex protein 1 subunit delta OS,CCT4,4.209,3,1,4,1,1405.3,22.2,61.5,35.8,34.7,36.9,39.6,29.3,1162.2,24.1,38.4,32.5,28.5,48.5,21.7,34.1,TRUE,TRUE,100%,100%,100%,100%,100%
Q4KLF8,Actin-related protein 2/3 complex subunit 5 OS,ARPC5,4.189,8,1,2,1,189.9,5.3,7.5,6.9,9.4,7.6,15.6,2.5,139.1,15.4,10,8,7.5,11.4,6.3,4.7,TRUE,TRUE,100%,100%,100%,100%,100%
Q5U216,ATP-dependent RNA helicase DDX39A OS,DDX39A,4.184,3,1,2,1,436.8,5.5,9.9,7.3,9.7,7.7,13.6,NA,312.4,8.1,10.8,6.2,7.2,23.2,3.6,NA,TRUE,FALSE,86%,86%,86%,88%,88%
Q9QVC8,Peptidyl-prolyl cis-trans isomerase FKBP4 OS,FKBP4,4.15,4,2,2,2,1052.7,33,76.4,35.2,35.8,67.1,57.9,NA,1048,48.3,40.7,24.2,51,118.3,18.3,NA,TRUE,FALSE,86%,86%,86%,88%,88%
D3ZFB2,Protein Luc7l3 OS,LUC7L3,4.132,5,2,2,2,NA,NA,NA,NA,NA,NA,NA,NA,NA,NA,NA,NA,NA,NA,NA,NA,FALSE,FALSE,,,,,
O35094,Mitochondrial import inner membrane translocase subunit TIM44 OS,TIMM44,4.132,5,2,3,2,533.2,31.1,56.2,38.3,30.5,30.9,51,22.7,416,28,27.4,23,34.3,30.5,28,19.2,TRUE,TRUE,100%,100%,100%,100%,100%
P61983,14-3-3 protein gamma OS,YWHAG,4.087,8,2,2,2,1284.3,21.6,36.5,34.3,32.7,30.9,43.3,35.2,1007,21.4,27.7,28.8,27.2,41.8,24.2,45.6,TRUE,TRUE,100%,100%,100%,100%,100%
P36972,Adenine phosphoribosyltransferase OS,APRT,4.083,8,2,4,2,2353.1,11.8,22.7,20.9,14.3,18.3,30.4,NA,2288.6,9.5,25.8,21.2,14.8,27.2,10.9,NA,TRUE,FALSE,86%,86%,86%,88%,88%
P11497,Acetyl-CoA carboxylase 1 OS,ACACA,4.072,1,2,3,2,1232.5,11.4,25.6,23.1,20.2,19.9,29.7,12.4,1218.9,11.5,22.4,24.4,19.9,26.1,9.6,12,TRUE,TRUE,100%,100%,100%,100%,100%
M0R3K1,GTP-binding protein Rheb OS,RHEB,3.977,18,2,4,2,307.2,5.9,13.3,7.2,9.5,6.6,10.2,NA,210.1,6.7,8.8,8.3,9.1,12.7,5.8,NA,TRUE,FALSE,86%,86%,86%,88%,88%
P30835,"6-phosphofructokinase, liver type OS",PFKL,3.956,4,2,2,2,447.2,NA,5.6,NA,3.4,2.7,2.5,NA,207.5,2,2.3,3.3,6.6,2.4,NA,NA,TRUE,FALSE,71%,71%,71%,63%,75%
D3ZH41,Cytoskeleton-associated protein 4 (Predicted) OS,CKAP4,3.951,5,2,4,2,2393.6,15.8,23.3,24.8,19.7,18.5,12.1,NA,2772.5,12.7,14.4,16.7,17.8,25.7,5.2,NA,TRUE,FALSE,86%,86%,86%,88%,88%
P97584,Prostaglandin reductase 1 OS,PTGR1,3.951,4,1,2,1,NA,NA,NA,NA,NA,NA,NA,NA,NA,NA,NA,NA,NA,NA,NA,NA,FALSE,FALSE,,,,,
Q5RK10,60S ribosomal protein L13a OS,RPL13A,3.879,5,1,4,1,1000.9,10.7,17.6,20.4,13.6,6.6,8.3,10,894.8,6.7,9.6,9.4,11.2,11.1,6.7,7.7,TRUE,TRUE,100%,100%,100%,100%,100%
Q6AYQ9,Peptidyl-prolyl cis-trans isomerase OS,PPIC,3.871,7,2,2,2,691.6,12.2,32.6,19.1,15.4,16.6,19.4,5.3,649.8,14.8,15.6,17.5,26.2,25.7,12.3,1.9,TRUE,TRUE,100%,100%,100%,100%,100%
D3ZZZ9,"Catenin (Cadherin associated protein), delta 1 (Predicted), isoform CRA_a OS",CTNND1,3.858,2,2,2,2,1011.2,22.1,48.5,42.9,19.6,20.8,19.2,NA,660.2,23.5,31.4,26.8,19.2,29.7,5.5,NA,TRUE,FALSE,86%,86%,86%,88%,88%
P07340,Sodium/potassium-transporting ATPase subunit beta-1 OS,ATP1B1,3.844,6,2,2,2,374.5,NA,3.4,4,4.7,2.4,3.8,29.2,341.9,NA,2.5,NA,NA,4.5,NA,16,TRUE,FALSE,79%,100%,57%,88%,50%
P41123,60S ribosomal protein L13 OS,RPL13,3.817,9,2,2,2,1009.5,22.8,38.5,26.7,26.4,34.1,28.5,NA,786.6,16.3,19.7,21.8,28.1,34.1,14.8,NA,TRUE,FALSE,86%,86%,86%,88%,88%
P53987,Monocarboxylate transporter 1 OS,SLC16A1,3.805,3,1,2,1,NA,NA,NA,NA,NA,NA,NA,NA,NA,NA,NA,NA,NA,NA,NA,NA,FALSE,FALSE,,,,,
F1LS86,Isoleucine-tRNA synthetase (Predicted) OS,IARS,3.784,2,2,3,2,520.8,20.2,26.8,23.4,20,19.1,27.5,6.4,376.3,18.8,17.8,14.9,23.1,29.9,13.9,10.6,TRUE,TRUE,100%,100%,100%,100%,100%
P20070,NADH-cytochrome b5 reductase 3 OS,CYB5R3,3.778,7,2,2,2,2248.9,24.3,52.4,34.8,29.1,33.7,38.5,NA,2036.3,24,37.3,32,37.7,49.1,19.6,NA,TRUE,FALSE,86%,86%,86%,88%,88%
O88989,"Malate dehydrogenase, cytoplasmic OS",MDH1,3.776,7,2,2,2,537,15.5,50.2,21.3,21.2,18.3,24.2,0.3,453,14.6,16.5,26.6,26.1,29.5,12.6,0.2,TRUE,TRUE,100%,100%,100%,100%,100%
Q6P3V9,60S ribosomal protein L4 OS,RPL4,3.772,3,1,2,1,359.3,6.6,13,7.4,5.5,7.4,9.6,NA,361,2.3,10,4.2,7.7,10,10.2,NA,TRUE,FALSE,86%,86%,86%,88%,88%
D3ZPU3,Estradiol 17-beta-dehydrogenase 12 OS,HSD17B12,3.766,5,2,2,2,958.3,9.3,20.4,15.3,10.2,9.4,18.4,NA,929.5,13.5,10.2,10.4,12.2,25.3,6.2,NA,TRUE,FALSE,86%,86%,86%,88%,88%
F1LXL7,Uncharacterized protein (Fragment) OS,GSTM6L,3.63,7,2,2,1,3498.2,18.6,45,31.4,22.6,25.5,37.4,NA,3160.5,22.6,25.3,32.1,27.9,38.5,15.9,NA,TRUE,FALSE,86%,86%,86%,88%,88%
P62997,Transformer-2 protein homolog beta OS,TRA2B,3.611,6,1,2,1,255.9,3.9,6.2,8.6,4.8,4.8,5.3,0.1,198.8,5.3,4.2,3.2,5.4,8,6.4,NA,TRUE,FALSE,93%,100%,86%,100%,88%
Q6P502,T-complex protein 1 subunit gamma OS,CCT3,3.605,3,2,2,2,864.5,16.4,32.2,25.1,12.2,18.3,19.6,21.9,691.6,12.5,8.8,17.4,18.9,23.3,11.7,16,TRUE,TRUE,100%,100%,100%,100%,100%
Q00438,Polypyrimidine tract-binding protein 1 OS,PTBP1,3.575,3,2,2,2,117.2,7.8,43.4,9.4,2.1,2.5,3.8,3.3,71,4.9,15.6,3.5,5.1,4.6,2.4,5,TRUE,TRUE,100%,100%,100%,100%,100%
Q66HA6,ADP-ribosylation factor-like protein 8B OS,ARL8B,3.555,10,2,3,2,3043.9,23.3,68.4,50.6,29.1,48.7,41.1,NA,1886.3,23.4,40.2,27.8,37.7,47.6,27.5,NA,TRUE,FALSE,86%,86%,86%,88%,88%
Q8VHF5,"Citrate synthase, mitochondrial OS",CS,3.539,4,2,2,2,840.2,10.9,23.1,12.6,9.1,28,13.7,NA,524.3,7.6,13.2,9.3,10.2,37,12.1,NA,TRUE,FALSE,86%,86%,86%,88%,88%
Q63507,60S ribosomal protein L14 OS,RPL14,3.532,6,1,3,1,56.5,4.6,15.8,6,5.4,6,3.6,12.6,58.1,5.3,5.8,8.8,6.2,8.5,3.8,10,TRUE,TRUE,100%,100%,100%,100%,100%
P16638,ATP-citrate synthase OS,ACLY,3.508,1,2,2,2,742.4,4,2.7,4.2,2.2,3.5,3.5,NA,457.3,2.5,NA,4.3,5.2,4.6,2.1,NA,TRUE,FALSE,79%,86%,71%,88%,75%
Q9R1Z0,Voltage-dependent anion-selective channel protein 3 OS,VDAC3,3.496,7,2,5,1,245.3,7.1,12.6,8.2,7.1,6.8,8.2,0.3,196.2,7.2,5.9,2.3,7.6,9.7,6.1,NA,TRUE,FALSE,93%,100%,86%,100%,88%
O88813,Long-chain-fatty-acid--CoA ligase 5 OS,ACSL5,3.487,2,2,2,2,1216.3,11.3,17.2,14.4,12.7,11.2,13.7,NA,904.2,9.5,10.3,12.5,15.3,28.8,11.2,NA,TRUE,FALSE,86%,86%,86%,88%,88%
Q6AYD3,Proliferation-associated 2G4 OS,PA2G4,3.48,4,2,4,2,1207.3,33.8,39.8,43.5,41.5,39.6,37.4,52,1064.4,34.4,39.7,37.7,37.8,45.7,31.5,58.7,TRUE,TRUE,100%,100%,100%,100%,100%
D4A465,Protein Lamtor2 OS,LAMTOR2,3.447,14,1,3,1,62.7,6.6,8.5,3.7,4.7,1.8,6.3,NA,41.5,3,2.7,2.5,5.9,6,3.8,4,TRUE,FALSE,93%,86%,100%,88%,100%
P0C5H9,Mesencephalic astrocyte-derived neurotrophic factor OS,MANF,3.443,6,1,2,1,NA,NA,NA,NA,NA,NA,NA,NA,NA,NA,NA,NA,NA,NA,NA,NA,FALSE,FALSE,,,,,
D4A0W1,Protein Emc4 OS,EMC4,3.425,13,2,2,2,282.3,17.1,33.8,25.5,21.2,20.1,20.1,16.3,228.8,13.6,20,23.1,17.4,31.1,19.8,21.4,TRUE,TRUE,100%,100%,100%,100%,100%
Q920A6,Retinoid-inducible serine carboxypeptidase OS,SCPEP1,3.411,2,1,2,1,1383.7,9.6,20.3,18.5,8.5,12.3,10.5,NA,1203,6,6.6,6.2,14.7,13.1,6.4,NA,TRUE,FALSE,86%,86%,86%,88%,88%
Q7TP15,Cc1-6 OS,MTAP,3.406,3,1,2,1,2387.1,10.2,25,18.5,13.5,17.5,17.3,NA,1683.1,16.5,14.6,14.2,16.5,29,11.1,NA,TRUE,FALSE,86%,86%,86%,88%,88%
O35547,Long-chain-fatty-acid--CoA ligase 4 OS,ACSL4,3.295,3,2,2,2,NA,NA,NA,NA,NA,NA,NA,NA,NA,NA,NA,NA,NA,NA,NA,NA,FALSE,FALSE,,,,,
G3V7I3,"ATPase type 13A1 (Predicted), isoform CRA_a OS",ATP13A1,3.289,1,1,2,1,291.5,8.6,22.1,15.4,11.5,12.1,13.7,8.4,234.1,3.7,12.9,14.4,11.1,16.7,9.3,14.6,TRUE,TRUE,100%,100%,100%,100%,100%
Q01205,"Dihydrolipoyllysine-residue succinyltransferase component of 2-oxoglutarate dehydrogenase complex, mitochondrial OS",DLST,3.253,3,1,3,1,637.2,8.8,21.4,11.1,8.6,9.3,8.2,NA,494.4,8.2,4.1,4.1,10.3,11.7,4.3,NA,TRUE,FALSE,86%,86%,86%,88%,88%
G3V786,Protein Akr1b8 OS,AKR1B8,3.188,9,2,2,2,1327.9,7.3,25.6,23.5,23.1,14.7,17,NA,1037.1,9.9,17.5,14.5,18.1,19.3,10.3,NA,TRUE,FALSE,86%,86%,86%,88%,88%
F1LQI1,Hydroxyacyl glutathione hydrolase OS,HAGH,3.182,5,1,2,1,114.1,NA,3,NA,3.9,2.3,1.6,NA,60.4,NA,3.6,NA,4.6,2.2,3.2,NA,TRUE,FALSE,71%,71%,71%,63%,63%
G3V9R8,Heterogeneous nuclear ribonucleoprotein C (C1/C2) OS,HNRNPC,3.156,5,2,2,2,998.9,14.9,36.6,29.9,30.2,18.9,32.8,NA,761.3,21.2,19.6,26.5,25.4,56.7,15.1,NA,TRUE,FALSE,86%,86%,86%,88%,88%
P48450,Lanosterol synthase OS,LSS,3.148,2,1,2,1,543.5,34.6,46.2,39.1,34.4,38,37.5,38.9,452.5,34.3,35,29.5,36.9,43.9,29.4,27.9,TRUE,TRUE,100%,100%,100%,100%,100%
P62278,40S ribosomal protein S13 OS,RPS13,3.09,15,2,2,2,226.8,NA,2.8,NA,NA,NA,4.7,NA,190.3,NA,3.6,1.9,2.1,3.3,2.1,NA,TRUE,FALSE,64%,43%,86%,38%,75%
P43278,Histone H1.0 OS,H1F0,3.067,5,1,2,1,1513.1,9.2,21.4,14.9,17.4,18.5,8.7,NA,1020.8,5,18.4,12,15.6,14.7,4.6,NA,TRUE,FALSE,86%,86%,86%,88%,88%
Q4KLI7,Protein Sf3a3 OS,SF3A3,3.034,2,1,2,1,132.8,5.2,11.9,7.4,5.9,4.5,7.1,5.2,106.7,5.6,5.5,4.5,5.1,8.6,2,3.3,TRUE,TRUE,100%,100%,100%,100%,100%
P27605,Hypoxanthine-guanine phosphoribosyltransferase OS,HPRT1,2.985,6,1,2,1,516.3,34.1,30.6,23.9,19.4,19,13.2,9.3,492.9,17.2,20.3,15.9,23.6,21.9,12.8,2.4,TRUE,TRUE,100%,100%,100%,100%,100%
P35559,Insulin-degrading enzyme OS,IDE,2.897,1,1,2,1,NA,NA,NA,NA,NA,NA,NA,NA,NA,NA,NA,NA,NA,NA,NA,NA,FALSE,FALSE,,,,,
P50399,Rab GDP dissociation inhibitor beta OS,GDI2,2.889,2,1,2,1,433.5,2.4,12.1,11.9,8,9.1,7,9.5,366.9,2.2,4.4,3.9,6.7,14.9,9,8.9,TRUE,TRUE,100%,100%,100%,100%,100%
G3V7T6,Protein Sf3b1 OS,SF3B1,2.874,2,2,2,2,159.3,3.8,10,3.6,9.7,6.6,4.7,NA,103.5,2.8,5.2,5.9,5.4,5.1,2.4,4.1,TRUE,FALSE,93%,86%,100%,88%,100%
P62716,Serine/threonine-protein phosphatase 2A catalytic subunit beta isoform OS,PPP2CB,2.831,4,1,2,1,1662.2,15.1,28.5,43.4,31.4,27.1,28.1,NA,1078.6,22,20.2,23.3,23.8,48.6,17.8,NA,TRUE,FALSE,86%,86%,86%,88%,88%
O35796,"Complement component 1 Q subcomponent-binding protein, mitochondrial OS",C1QBP,2.823,4,1,3,1,NA,NA,NA,NA,NA,NA,NA,NA,NA,NA,NA,NA,NA,NA,NA,NA,FALSE,FALSE,,,,,
G3V7V3,Protein Slc27a4 OS,SLC27A4,2.811,3,2,2,2,456.6,18.6,25,12.4,17.7,18.9,17.7,10.8,408.8,16.1,15.3,21.4,12.8,22.3,9.6,3.7,TRUE,TRUE,100%,100%,100%,100%,100%
Q5U2R4,Mitochondrial ribonuclease P protein 1 OS,TRMT10C,2.78,5,2,2,2,485,9.8,22.3,20.3,15.4,14.3,15.4,5.3,359.2,15.6,14,12.9,16.9,24.1,11.3,3.1,TRUE,TRUE,100%,100%,100%,100%,100%
G3V9D8,Protein LOC100910040 OS,CES2C,2.72,4,2,3,2,2242.6,9,25.6,25.6,18.9,21.1,14.2,NA,1567.5,14,14.1,15,19.2,23.3,29.6,NA,TRUE,FALSE,86%,86%,86%,88%,88%
P62718,60S ribosomal protein L18a OS,RPL18A,2.714,5,1,2,1,692.7,7,13.2,13.1,9.4,8.3,10.6,NA,637.9,8.4,9,4.9,5,17.1,5.3,NA,TRUE,FALSE,86%,86%,86%,88%,88%
G3V7Q6,Proteasome subunit beta type OS,PSMB5,2.676,5,1,2,1,550.8,17.1,40.4,21.3,26.3,29.8,23.5,64.5,448.6,36.7,27.7,20,19.1,62.6,21.5,26.1,TRUE,TRUE,100%,100%,100%,100%,100%
D3ZSP1,Protein LOC100361838 OS,LOC100361838,2.661,13,1,2,1,350.4,14.4,29.7,23.3,16.7,23.5,24,25.7,274.5,20.3,21.8,19.3,19.1,27.2,11.4,16.1,TRUE,TRUE,100%,100%,100%,100%,100%
D3ZFF4,Protein Lclat1 OS,LCLAT1,2.62,4,2,2,2,783.8,14.3,24.7,17.6,9.1,19.3,15.8,NA,692.3,16.3,17.3,12.2,16.7,20.7,9.3,NA,TRUE,FALSE,86%,86%,86%,88%,88%
M0RB80,Protein Pbp2 OS,PBP2,2.505,4,1,2,1,1088.7,7.1,11.9,15.1,8.3,10.6,6.3,NA,992.2,9.4,7,4.3,12.7,16.1,5,NA,TRUE,FALSE,86%,86%,86%,88%,88%
M0RAJ5,Protein Prr14l OS,PRR14L,2.502,1,1,2,1,96.8,2.8,9.8,4.2,4.4,5.1,4.7,0.9,79.4,NA,2.9,3.8,NA,8.7,2.4,3.5,TRUE,FALSE,93%,100%,86%,100%,75%
Q6AY58,B-cell receptor-associated protein 31 OS,BCAP31,2.433,4,1,2,1,90.5,NA,NA,NA,NA,2.6,NA,11.1,79.3,NA,NA,NA,NA,NA,1.3,9.8,TRUE,FALSE,43%,43%,43%,38%,38%
D3ZTK5,60S ribosomal protein L27 OS,RGD1563835,2.328,12,2,2,2,NA,NA,NA,NA,NA,NA,NA,NA,NA,NA,NA,NA,NA,NA,NA,NA,FALSE,FALSE,,,,,
Q62818,Translation initiation factor eIF-2B subunit beta OS,EIF2B2,2.277,5,1,2,1,76.9,NA,6.1,NA,4.6,NA,3.7,2,65.7,NA,2.7,NA,2.2,4.9,NA,3.9,TRUE,FALSE,71%,71%,71%,63%,63%
Q5XIJ3,"Isocitrate dehydrogenase 3 (NAD), gamma OS",IDH3G,2.252,4,2,2,2,1525.9,13.8,26.1,23.1,18,15.4,14.2,NA,963.7,13.4,14.3,11.6,21.6,23.7,12.6,NA,TRUE,FALSE,86%,86%,86%,88%,88%
P60868,40S ribosomal protein S20 OS,RPS20,2.187,17,1,3,1,172.9,15.5,46.1,35.8,25.6,21.8,26.4,19.2,169.6,18.8,16.8,17.5,21.4,28.4,13.3,21.9,TRUE,TRUE,100%,100%,100%,100%,100%
Q4KM49,"Tyrosine--tRNA ligase, cytoplasmic OS",YARS,2.129,2,1,2,1,627.1,8.8,21.3,8.2,11.9,13.1,10.3,28.2,513,9.5,14.3,10.3,12,12.5,10.5,17.1,TRUE,TRUE,100%,100%,100%,100%,100%
Q505J8,Phenylalanine--tRNA ligase alpha subunit OS,FARSA,2.045,6,2,2,2,NA,NA,NA,NA,NA,NA,NA,NA,NA,NA,NA,NA,NA,NA,NA,NA,FALSE,FALSE,,,,,
D3ZQN7,Protein Lamb1 OS,LAMB1,1.895,1,2,2,1,NA,NA,NA,NA,NA,NA,NA,NA,NA,NA,NA,NA,NA,NA,NA,NA,FALSE,FALSE,,,,,
F1M9B5,Calcium-transporting ATPase type 2C member 1 (Fragment) OS,ATP2C1,1.803,2,2,2,1,282.6,8.8,12.2,10.3,6.3,8.6,13.3,NA,379.8,7.3,9.9,8.5,7.9,14.3,5.8,NA,TRUE,FALSE,86%,86%,86%,88%,88%
D3ZD11,Protein Spcs2 OS,SPCS2,1.751,6,2,3,2,2027.1,20,42.5,27.2,25.2,27,34.6,NA,1417.3,20.9,27.7,19.7,36,45.9,22.5,NA,TRUE,FALSE,86%,86%,86%,88%,88%
P12075,"Cytochrome c oxidase subunit 5B, mitochondrial OS",COX5B,1.737,6,1,2,1,1183.8,15.7,29.7,20.9,20.9,16.9,23.6,NA,1054.4,15.2,18.4,17.1,19.9,24,15.6,NA,TRUE,FALSE,86%,86%,86%,88%,88%
F1LWF5,Neogenin (Fragment) OS,NEO1,1.727,0,1,2,1,922.7,19.1,43.8,24.8,22.9,19.2,30,NA,903.8,21.2,24.2,24.3,30,30.4,19.4,NA,TRUE,FALSE,86%,86%,86%,88%,88%
P11608,ATP synthase protein 8 OS,MT-ATP8,1.648,15,1,3,1,326.8,8.7,17,17.4,11.3,10.5,11.9,15.9,256.9,11.4,4.9,10.1,10.1,13.8,9.6,11.5,TRUE,TRUE,100%,100%,100%,100%,100%
D3ZLL8,Protein LOC100909878 OS,RPS15AL4,1.606,5,1,2,1,2188.9,24.5,54,23.8,24.1,26.5,19.1,48.3,2108,25.8,27.4,28,25.5,44.7,11.1,38.7,TRUE,TRUE,100%,100%,100%,100%,100%
F1LS79,Chondroitin sulfate proteoglycan 4 OS,CSPG4,1.434,0,1,2,1,1363.2,8.7,27,18.6,13,16.3,12.6,NA,961.3,9.6,15.3,12.1,15.6,20.2,13.1,NA,TRUE,FALSE,86%,86%,86%,88%,88%
F1LQ55,Non-specific lipid-transfer protein OS,SCP2,1.289,2,1,2,1,676.6,8.8,11.9,22.8,12.9,10.2,11.6,NA,574.4,12.3,14.4,7.1,32.2,29.9,15.7,NA,TRUE,FALSE,86%,86%,86%,88%,88%
F1M016,Protein RGD1566243 OS,RGD1566243,1.065,2,1,2,1,581,211.4,336.4,375.6,206.6,308.4,289.3,359.8,421.5,234.4,245.4,196.5,274.2,285.2,167.2,209.9,TRUE,TRUE,100%,100%,100%,100%,100%
Q76KC5,CAMP-specific cyclic nucleotide phosphodiesterase PDE8 OS,PDE8B,1.019,1,1,3,1,404.2,90.4,248.6,477.6,165.8,259,211.9,196.4,378.2,228.4,123.5,107.8,233.3,522.6,57.4,123.1,TRUE,TRUE,100%,100%,100%,100%,100%
D3ZJF8,Protein Fcgbp OS,FCGBP,1.008,0,1,2,1,725.2,158.6,488.2,197.6,182.4,370,292.4,475.8,671.9,196.6,278.5,137.9,217,627.4,156.5,192.7,TRUE,TRUE,100%,100%,100%,100%,100%
Q5M7T2,SPRY domain-containing protein 7 OS,SPRYD7,1.004,4,1,2,1,149.1,16.8,42.7,154.2,19.4,21.1,14.5,7.6,147.7,12.7,26.6,30.2,14.5,23.4,14.5,35.1,TRUE,TRUE,100%,100%,100%,100%,100%
P84245,Histone H3.3 OS,H3F3B,0.966,5,1,2,1,1945.6,23.3,70.7,56.5,28.6,31.5,39.1,NA,1396.8,18.9,34.8,37.7,23.9,47.4,27.6,NA,TRUE,FALSE,86%,86%,86%,88%,88%
P97583,B1 bradykinin receptor OS,BDKRB1,0.923,7,1,2,1,NA,NA,NA,NA,NA,NA,NA,NA,NA,NA,NA,NA,NA,NA,NA,NA,FALSE,FALSE,,,,,